2026-09-28 18:06:18.884 INFO 
				
				[main] c.k.m.MicroserviceNotificationConsumerApplication - Starting MicroserviceNotificationConsumerApplication using Java 17.0.12 with PID 13676 (D:\Project Development\My-github\spring-boot-microservices-kafka-integration\microservice-notification-consumer\target\classes started by Vishnu Katpure in D:\Project Development\My-github\spring-boot-microservices-kafka-integration\microservice-notification-consumer)
2026-09-28 18:06:18.890 INFO 
				
				[main] c.k.m.MicroserviceNotificationConsumerApplication - No active profile set, falling back to 1 default profile: "default"
2026-09-28 18:06:19.724 INFO 
				
				[main] o.s.d.r.c.RepositoryConfigurationDelegate - Bootstrapping Spring Data JPA repositories in DEFAULT mode.
2026-09-28 18:06:19.788 INFO 
				
				[main] o.s.d.r.c.RepositoryConfigurationDelegate - Finished Spring Data repository scanning in 49 ms. Found 1 JPA repository interface.
2026-09-28 18:06:20.456 INFO 
				
				[main] o.s.boot.tomcat.TomcatWebServer - Tomcat initialized with port 8082 (http)
2026-09-28 18:06:20.474 INFO 
				
				[main] o.a.coyote.http11.Http11NioProtocol - Initializing ProtocolHandler ["http-nio-8082"]
2026-09-28 18:06:20.477 INFO 
				
				[main] o.a.catalina.core.StandardService - Starting service [Tomcat]
2026-09-28 18:06:20.478 INFO 
				
				[main] o.a.catalina.core.StandardEngine - Starting Servlet engine: [Apache Tomcat/11.0.22]
2026-09-28 18:06:20.570 INFO 
				
				[main] o.s.b.w.c.s.WebApplicationContextInitializer - Root WebApplicationContext: initialization completed in 1614 ms
2026-09-28 18:06:20.800 INFO 
				
				[main] org.hibernate.orm.jpa - HHH008540: Processing PersistenceUnitInfo [name: default]
2026-09-28 18:06:20.873 INFO 
				
				[main] org.hibernate.orm.core - HHH000001: Hibernate ORM core version 7.4.1.Final
2026-09-28 18:06:21.434 INFO 
				
				[main] o.s.o.j.p.SpringPersistenceUnitInfo - No LoadTimeWeaver setup: ignoring JPA class transformer
2026-09-28 18:06:21.473 INFO 
				
				[main] com.zaxxer.hikari.HikariDataSource - PersonHikariPool - Starting...
2026-09-28 18:06:21.682 INFO 
				
				[main] com.zaxxer.hikari.pool.HikariPool - PersonHikariPool - Added connection com.mysql.cj.jdbc.ConnectionImpl@224d537d
2026-09-28 18:06:21.690 INFO 
				
				[main] com.zaxxer.hikari.HikariDataSource - PersonHikariPool - Start completed.
2026-09-28 18:06:21.761 WARN 
				
				[main] org.hibernate.orm.deprecation - HHH90000025: MySQLDialect does not need to be specified explicitly using 'hibernate.dialect' (remove the property setting and it will be selected by default)
2026-09-28 18:06:21.792 INFO 
				
				[main] o.hibernate.orm.connections.pooling - HHH10001005: Database info:
	Database JDBC URL [jdbc:mysql://localhost:3306/demo?allowPublicKeyRetrieval=true&useSSL=false&serverTimezone=UTC]
	Database driver: MySQL Connector/J
	Database dialect: MySQLDialect
	Database version: 8.0.15
	Default catalog/schema: demo/undefined
	Autocommit mode: undefined/unknown
	Isolation level: REPEATABLE_READ [default REPEATABLE_READ]
	JDBC fetch size: none
	Pool: DataSourceConnectionProvider
	Minimum pool size: undefined/unknown
	Maximum pool size: undefined/unknown
2026-09-28 18:06:22.869 INFO 
				
				[main] org.hibernate.orm.core - HHH000182: No default (no-argument) constructor for class [com.kafka.microservice_notification_consumer.model.ProcessedEvent] (class must be instantiated by Interceptor)
2026-09-28 18:06:23.099 INFO 
				
				[main] org.hibernate.orm.core - HHH000489: No JTA platform available (set 'hibernate.transaction.jta.platform' to enable JTA platform integration)
2026-09-28 18:06:23.189 INFO 
				
				[main] o.s.o.j.LocalContainerEntityManagerFactoryBean - Initialized JPA EntityManagerFactory for persistence unit 'default'
2026-09-28 18:06:23.410 INFO 
				
				[main] o.s.d.j.r.q.QueryEnhancerFactories - Hibernate is in classpath; If applicable, HQL parser will be used.
2026-09-28 18:06:23.873 WARN 
				
				[main] o.s.b.j.a.JpaBaseConfiguration$JpaWebConfiguration - spring.jpa.open-in-view is enabled by default. Therefore, database queries may be performed during view rendering. Explicitly configure spring.jpa.open-in-view to disable this warning
2026-09-28 18:06:24.361 INFO 
				
				[main] o.a.k.common.config.AbstractConfig - AdminClientConfig values: 
	bootstrap.controllers = []
	bootstrap.servers = [localhost:9092]
	client.dns.lookup = use_all_dns_ips
	client.id = microservice-notification-consumer-admin-0
	config.providers = []
	connections.max.idle.ms = 300000
	default.api.timeout.ms = 60000
	enable.metrics.push = false
	metadata.max.age.ms = 300000
	metadata.recovery.rebootstrap.trigger.ms = 300000
	metadata.recovery.strategy = rebootstrap
	metric.reporters = [org.apache.kafka.common.metrics.JmxReporter]
	metrics.num.samples = 2
	metrics.recording.level = INFO
	metrics.sample.window.ms = 30000
	receive.buffer.bytes = 65536
	reconnect.backoff.max.ms = 1000
	reconnect.backoff.ms = 50
	request.timeout.ms = 30000
	retries = 2147483647
	retry.backoff.max.ms = 1000
	retry.backoff.ms = 100
	sasl.client.callback.handler.class = null
	sasl.jaas.config = null
	sasl.kerberos.kinit.cmd = /usr/bin/kinit
	sasl.kerberos.min.time.before.relogin = 60000
	sasl.kerberos.service.name = null
	sasl.kerberos.ticket.renew.jitter = 0.05
	sasl.kerberos.ticket.renew.window.factor = 0.8
	sasl.login.callback.handler.class = null
	sasl.login.class = null
	sasl.login.connect.timeout.ms = null
	sasl.login.read.timeout.ms = null
	sasl.login.refresh.buffer.seconds = 300
	sasl.login.refresh.min.period.seconds = 60
	sasl.login.refresh.window.factor = 0.8
	sasl.login.refresh.window.jitter = 0.05
	sasl.login.retry.backoff.max.ms = 10000
	sasl.login.retry.backoff.ms = 100
	sasl.mechanism = GSSAPI
	sasl.oauthbearer.assertion.algorithm = RS256
	sasl.oauthbearer.assertion.claim.aud = null
	sasl.oauthbearer.assertion.claim.exp.seconds = 300
	sasl.oauthbearer.assertion.claim.iss = null
	sasl.oauthbearer.assertion.claim.jti.include = false
	sasl.oauthbearer.assertion.claim.nbf.seconds = 60
	sasl.oauthbearer.assertion.claim.sub = null
	sasl.oauthbearer.assertion.file = null
	sasl.oauthbearer.assertion.private.key.file = null
	sasl.oauthbearer.assertion.private.key.passphrase = null
	sasl.oauthbearer.assertion.template.file = null
	sasl.oauthbearer.client.credentials.client.id = null
	sasl.oauthbearer.client.credentials.client.secret = null
	sasl.oauthbearer.clock.skew.seconds = 30
	sasl.oauthbearer.expected.audience = []
	sasl.oauthbearer.expected.issuer = null
	sasl.oauthbearer.header.urlencode = false
	sasl.oauthbearer.jwks.endpoint.refresh.ms = 3600000
	sasl.oauthbearer.jwks.endpoint.retry.backoff.max.ms = 10000
	sasl.oauthbearer.jwks.endpoint.retry.backoff.ms = 100
	sasl.oauthbearer.jwks.endpoint.url = null
	sasl.oauthbearer.jwt.retriever.class = class org.apache.kafka.common.security.oauthbearer.DefaultJwtRetriever
	sasl.oauthbearer.jwt.validator.class = class org.apache.kafka.common.security.oauthbearer.DefaultJwtValidator
	sasl.oauthbearer.scope = null
	sasl.oauthbearer.scope.claim.name = scope
	sasl.oauthbearer.sub.claim.name = sub
	sasl.oauthbearer.token.endpoint.url = null
	security.protocol = PLAINTEXT
	security.providers = null
	send.buffer.bytes = 131072
	socket.connection.setup.timeout.max.ms = 30000
	socket.connection.setup.timeout.ms = 10000
	ssl.cipher.suites = []
	ssl.enabled.protocols = [TLSv1.2, TLSv1.3]
	ssl.endpoint.identification.algorithm = https
	ssl.engine.factory.class = null
	ssl.key.password = null
	ssl.keymanager.algorithm = SunX509
	ssl.keystore.certificate.chain = null
	ssl.keystore.key = null
	ssl.keystore.location = null
	ssl.keystore.password = null
	ssl.keystore.type = JKS
	ssl.protocol = TLSv1.3
	ssl.provider = null
	ssl.secure.random.implementation = null
	ssl.trustmanager.algorithm = PKIX
	ssl.truststore.certificates = null
	ssl.truststore.location = null
	ssl.truststore.password = null
	ssl.truststore.type = JKS

2026-09-28 18:06:24.450 INFO 
				
				[main] o.a.kafka.common.utils.AppInfoParser - Kafka version: 4.2.1
2026-09-28 18:06:24.450 INFO 
				
				[main] o.a.kafka.common.utils.AppInfoParser - Kafka commitId: 92f61c44867f39dc
2026-09-28 18:06:24.450 INFO 
				
				[main] o.a.kafka.common.utils.AppInfoParser - Kafka startTimeMs: 1790598984448
2026-09-28 18:06:25.164 INFO 
				
				[main] o.s.kafka.core.KafkaAdmin - Topic 'notification-topic' exists but has a different partition count: 3 not 1
2026-09-28 18:06:25.166 INFO 
				
				[main] o.a.kafka.common.metrics.Metrics - Metrics scheduler closed
2026-09-28 18:06:25.166 INFO 
				
				[main] o.a.kafka.common.metrics.Metrics - Closing reporter org.apache.kafka.common.metrics.JmxReporter
2026-09-28 18:06:25.167 INFO 
				
				[main] o.a.kafka.common.metrics.Metrics - Metrics reporters closed
2026-09-28 18:06:25.169 INFO 
				
				[kafka-admin-client-thread | microservice-notification-consumer-admin-0] o.a.kafka.common.utils.AppInfoParser - App info kafka.admin.client for microservice-notification-consumer-admin-0 unregistered
2026-09-28 18:06:25.190 INFO 
				
				[kafka-admin-client-thread | microservice-notification-consumer-admin-0] o.a.kafka.common.metrics.Metrics - Metrics scheduler closed
2026-09-28 18:06:25.191 INFO 
				
				[kafka-admin-client-thread | microservice-notification-consumer-admin-0] o.a.kafka.common.metrics.Metrics - Closing reporter org.apache.kafka.common.metrics.JmxReporter
2026-09-28 18:06:25.191 INFO 
				
				[kafka-admin-client-thread | microservice-notification-consumer-admin-0] o.a.kafka.common.metrics.Metrics - Metrics reporters closed
2026-09-28 18:06:25.201 INFO 
				
				[main] o.a.coyote.http11.Http11NioProtocol - Starting ProtocolHandler ["http-nio-8082"]
2026-09-28 18:06:25.218 INFO 
				
				[main] o.s.boot.tomcat.TomcatWebServer - Tomcat started on port 8082 (http) with context path '/'
2026-09-28 18:06:25.256 INFO 
				
				[main] o.a.k.common.config.AbstractConfig - ConsumerConfig values: 
	allow.auto.create.topics = true
	auto.commit.interval.ms = 5000
	auto.offset.reset = earliest
	bootstrap.servers = [localhost:9092]
	check.crcs = true
	client.dns.lookup = use_all_dns_ips
	client.id = consumer-notification-group-retry-2000-1
	client.rack = 
	config.providers = []
	connections.max.idle.ms = 540000
	default.api.timeout.ms = 60000
	enable.auto.commit = false
	enable.metrics.push = true
	exclude.internal.topics = true
	fetch.max.bytes = 52428800
	fetch.max.wait.ms = 500
	fetch.min.bytes = 1
	group.id = notification-group-retry-2000
	group.instance.id = null
	group.protocol = classic
	group.remote.assignor = null
	heartbeat.interval.ms = 3000
	interceptor.classes = []
	internal.throw.on.fetch.stable.offset.unsupported = false
	isolation.level = read_uncommitted
	key.deserializer = class org.apache.kafka.common.serialization.LongDeserializer
	max.partition.fetch.bytes = 1048576
	max.poll.interval.ms = 300000
	max.poll.records = 500
	metadata.max.age.ms = 300000
	metadata.recovery.rebootstrap.trigger.ms = 300000
	metadata.recovery.strategy = rebootstrap
	metric.reporters = [org.apache.kafka.common.metrics.JmxReporter]
	metrics.num.samples = 2
	metrics.recording.level = INFO
	metrics.sample.window.ms = 30000
	partition.assignment.strategy = [class org.apache.kafka.clients.consumer.RangeAssignor, class org.apache.kafka.clients.consumer.CooperativeStickyAssignor]
	receive.buffer.bytes = 65536
	reconnect.backoff.max.ms = 1000
	reconnect.backoff.ms = 50
	request.timeout.ms = 30000
	retry.backoff.max.ms = 1000
	retry.backoff.ms = 100
	sasl.client.callback.handler.class = null
	sasl.jaas.config = null
	sasl.kerberos.kinit.cmd = /usr/bin/kinit
	sasl.kerberos.min.time.before.relogin = 60000
	sasl.kerberos.service.name = null
	sasl.kerberos.ticket.renew.jitter = 0.05
	sasl.kerberos.ticket.renew.window.factor = 0.8
	sasl.login.callback.handler.class = null
	sasl.login.class = null
	sasl.login.connect.timeout.ms = null
	sasl.login.read.timeout.ms = null
	sasl.login.refresh.buffer.seconds = 300
	sasl.login.refresh.min.period.seconds = 60
	sasl.login.refresh.window.factor = 0.8
	sasl.login.refresh.window.jitter = 0.05
	sasl.login.retry.backoff.max.ms = 10000
	sasl.login.retry.backoff.ms = 100
	sasl.mechanism = GSSAPI
	sasl.oauthbearer.assertion.algorithm = RS256
	sasl.oauthbearer.assertion.claim.aud = null
	sasl.oauthbearer.assertion.claim.exp.seconds = 300
	sasl.oauthbearer.assertion.claim.iss = null
	sasl.oauthbearer.assertion.claim.jti.include = false
	sasl.oauthbearer.assertion.claim.nbf.seconds = 60
	sasl.oauthbearer.assertion.claim.sub = null
	sasl.oauthbearer.assertion.file = null
	sasl.oauthbearer.assertion.private.key.file = null
	sasl.oauthbearer.assertion.private.key.passphrase = null
	sasl.oauthbearer.assertion.template.file = null
	sasl.oauthbearer.client.credentials.client.id = null
	sasl.oauthbearer.client.credentials.client.secret = null
	sasl.oauthbearer.clock.skew.seconds = 30
	sasl.oauthbearer.expected.audience = []
	sasl.oauthbearer.expected.issuer = null
	sasl.oauthbearer.header.urlencode = false
	sasl.oauthbearer.jwks.endpoint.refresh.ms = 3600000
	sasl.oauthbearer.jwks.endpoint.retry.backoff.max.ms = 10000
	sasl.oauthbearer.jwks.endpoint.retry.backoff.ms = 100
	sasl.oauthbearer.jwks.endpoint.url = null
	sasl.oauthbearer.jwt.retriever.class = class org.apache.kafka.common.security.oauthbearer.DefaultJwtRetriever
	sasl.oauthbearer.jwt.validator.class = class org.apache.kafka.common.security.oauthbearer.DefaultJwtValidator
	sasl.oauthbearer.scope = null
	sasl.oauthbearer.scope.claim.name = scope
	sasl.oauthbearer.sub.claim.name = sub
	sasl.oauthbearer.token.endpoint.url = null
	security.protocol = PLAINTEXT
	security.providers = null
	send.buffer.bytes = 131072
	session.timeout.ms = 45000
	share.acknowledgement.mode = implicit
	share.acquire.mode = BATCH_OPTIMIZED
	socket.connection.setup.timeout.max.ms = 30000
	socket.connection.setup.timeout.ms = 10000
	ssl.cipher.suites = []
	ssl.enabled.protocols = [TLSv1.2, TLSv1.3]
	ssl.endpoint.identification.algorithm = https
	ssl.engine.factory.class = null
	ssl.key.password = null
	ssl.keymanager.algorithm = SunX509
	ssl.keystore.certificate.chain = null
	ssl.keystore.key = null
	ssl.keystore.location = null
	ssl.keystore.password = null
	ssl.keystore.type = JKS
	ssl.protocol = TLSv1.3
	ssl.provider = null
	ssl.secure.random.implementation = null
	ssl.trustmanager.algorithm = PKIX
	ssl.truststore.certificates = null
	ssl.truststore.location = null
	ssl.truststore.password = null
	ssl.truststore.type = JKS
	value.deserializer = class org.apache.kafka.common.serialization.StringDeserializer

2026-09-28 18:06:25.296 INFO 
				
				[main] o.a.k.c.t.i.KafkaMetricsCollector - initializing Kafka metrics collector
2026-09-28 18:06:25.367 INFO 
				
				[main] o.a.kafka.common.utils.AppInfoParser - Kafka version: 4.2.1
2026-09-28 18:06:25.367 INFO 
				
				[main] o.a.kafka.common.utils.AppInfoParser - Kafka commitId: 92f61c44867f39dc
2026-09-28 18:06:25.369 INFO 
				
				[main] o.a.kafka.common.utils.AppInfoParser - Kafka startTimeMs: 1790598985367
2026-09-28 18:06:25.372 INFO 
				
				[main] o.a.k.c.c.i.ClassicKafkaConsumer - [Consumer clientId=consumer-notification-group-retry-2000-1, groupId=notification-group-retry-2000] Subscribed to topic(s): notification-topic-retry-2000
2026-09-28 18:06:25.385 INFO 
				
				[main] o.a.k.common.config.AbstractConfig - ConsumerConfig values: 
	allow.auto.create.topics = true
	auto.commit.interval.ms = 5000
	auto.offset.reset = earliest
	bootstrap.servers = [localhost:9092]
	check.crcs = true
	client.dns.lookup = use_all_dns_ips
	client.id = consumer-notification-group-retry-8000-2
	client.rack = 
	config.providers = []
	connections.max.idle.ms = 540000
	default.api.timeout.ms = 60000
	enable.auto.commit = false
	enable.metrics.push = true
	exclude.internal.topics = true
	fetch.max.bytes = 52428800
	fetch.max.wait.ms = 500
	fetch.min.bytes = 1
	group.id = notification-group-retry-8000
	group.instance.id = null
	group.protocol = classic
	group.remote.assignor = null
	heartbeat.interval.ms = 3000
	interceptor.classes = []
	internal.throw.on.fetch.stable.offset.unsupported = false
	isolation.level = read_uncommitted
	key.deserializer = class org.apache.kafka.common.serialization.LongDeserializer
	max.partition.fetch.bytes = 1048576
	max.poll.interval.ms = 300000
	max.poll.records = 500
	metadata.max.age.ms = 300000
	metadata.recovery.rebootstrap.trigger.ms = 300000
	metadata.recovery.strategy = rebootstrap
	metric.reporters = [org.apache.kafka.common.metrics.JmxReporter]
	metrics.num.samples = 2
	metrics.recording.level = INFO
	metrics.sample.window.ms = 30000
	partition.assignment.strategy = [class org.apache.kafka.clients.consumer.RangeAssignor, class org.apache.kafka.clients.consumer.CooperativeStickyAssignor]
	receive.buffer.bytes = 65536
	reconnect.backoff.max.ms = 1000
	reconnect.backoff.ms = 50
	request.timeout.ms = 30000
	retry.backoff.max.ms = 1000
	retry.backoff.ms = 100
	sasl.client.callback.handler.class = null
	sasl.jaas.config = null
	sasl.kerberos.kinit.cmd = /usr/bin/kinit
	sasl.kerberos.min.time.before.relogin = 60000
	sasl.kerberos.service.name = null
	sasl.kerberos.ticket.renew.jitter = 0.05
	sasl.kerberos.ticket.renew.window.factor = 0.8
	sasl.login.callback.handler.class = null
	sasl.login.class = null
	sasl.login.connect.timeout.ms = null
	sasl.login.read.timeout.ms = null
	sasl.login.refresh.buffer.seconds = 300
	sasl.login.refresh.min.period.seconds = 60
	sasl.login.refresh.window.factor = 0.8
	sasl.login.refresh.window.jitter = 0.05
	sasl.login.retry.backoff.max.ms = 10000
	sasl.login.retry.backoff.ms = 100
	sasl.mechanism = GSSAPI
	sasl.oauthbearer.assertion.algorithm = RS256
	sasl.oauthbearer.assertion.claim.aud = null
	sasl.oauthbearer.assertion.claim.exp.seconds = 300
	sasl.oauthbearer.assertion.claim.iss = null
	sasl.oauthbearer.assertion.claim.jti.include = false
	sasl.oauthbearer.assertion.claim.nbf.seconds = 60
	sasl.oauthbearer.assertion.claim.sub = null
	sasl.oauthbearer.assertion.file = null
	sasl.oauthbearer.assertion.private.key.file = null
	sasl.oauthbearer.assertion.private.key.passphrase = null
	sasl.oauthbearer.assertion.template.file = null
	sasl.oauthbearer.client.credentials.client.id = null
	sasl.oauthbearer.client.credentials.client.secret = null
	sasl.oauthbearer.clock.skew.seconds = 30
	sasl.oauthbearer.expected.audience = []
	sasl.oauthbearer.expected.issuer = null
	sasl.oauthbearer.header.urlencode = false
	sasl.oauthbearer.jwks.endpoint.refresh.ms = 3600000
	sasl.oauthbearer.jwks.endpoint.retry.backoff.max.ms = 10000
	sasl.oauthbearer.jwks.endpoint.retry.backoff.ms = 100
	sasl.oauthbearer.jwks.endpoint.url = null
	sasl.oauthbearer.jwt.retriever.class = class org.apache.kafka.common.security.oauthbearer.DefaultJwtRetriever
	sasl.oauthbearer.jwt.validator.class = class org.apache.kafka.common.security.oauthbearer.DefaultJwtValidator
	sasl.oauthbearer.scope = null
	sasl.oauthbearer.scope.claim.name = scope
	sasl.oauthbearer.sub.claim.name = sub
	sasl.oauthbearer.token.endpoint.url = null
	security.protocol = PLAINTEXT
	security.providers = null
	send.buffer.bytes = 131072
	session.timeout.ms = 45000
	share.acknowledgement.mode = implicit
	share.acquire.mode = BATCH_OPTIMIZED
	socket.connection.setup.timeout.max.ms = 30000
	socket.connection.setup.timeout.ms = 10000
	ssl.cipher.suites = []
	ssl.enabled.protocols = [TLSv1.2, TLSv1.3]
	ssl.endpoint.identification.algorithm = https
	ssl.engine.factory.class = null
	ssl.key.password = null
	ssl.keymanager.algorithm = SunX509
	ssl.keystore.certificate.chain = null
	ssl.keystore.key = null
	ssl.keystore.location = null
	ssl.keystore.password = null
	ssl.keystore.type = JKS
	ssl.protocol = TLSv1.3
	ssl.provider = null
	ssl.secure.random.implementation = null
	ssl.trustmanager.algorithm = PKIX
	ssl.truststore.certificates = null
	ssl.truststore.location = null
	ssl.truststore.password = null
	ssl.truststore.type = JKS
	value.deserializer = class org.apache.kafka.common.serialization.StringDeserializer

2026-09-28 18:06:25.386 INFO 
				
				[main] o.a.k.c.t.i.KafkaMetricsCollector - initializing Kafka metrics collector
2026-09-28 18:06:25.403 INFO 
				
				[main] o.a.kafka.common.utils.AppInfoParser - Kafka version: 4.2.1
2026-09-28 18:06:25.403 INFO 
				
				[main] o.a.kafka.common.utils.AppInfoParser - Kafka commitId: 92f61c44867f39dc
2026-09-28 18:06:25.404 INFO 
				
				[main] o.a.kafka.common.utils.AppInfoParser - Kafka startTimeMs: 1790598985403
2026-09-28 18:06:25.405 INFO 
				
				[main] o.a.k.c.c.i.ClassicKafkaConsumer - [Consumer clientId=consumer-notification-group-retry-8000-2, groupId=notification-group-retry-8000] Subscribed to topic(s): notification-topic-retry-8000
2026-09-28 18:06:25.409 INFO 
				
				[main] o.a.k.common.config.AbstractConfig - ConsumerConfig values: 
	allow.auto.create.topics = true
	auto.commit.interval.ms = 5000
	auto.offset.reset = earliest
	bootstrap.servers = [localhost:9092]
	check.crcs = true
	client.dns.lookup = use_all_dns_ips
	client.id = consumer-notification-group.DLT-3
	client.rack = 
	config.providers = []
	connections.max.idle.ms = 540000
	default.api.timeout.ms = 60000
	enable.auto.commit = false
	enable.metrics.push = true
	exclude.internal.topics = true
	fetch.max.bytes = 52428800
	fetch.max.wait.ms = 500
	fetch.min.bytes = 1
	group.id = notification-group.DLT
	group.instance.id = null
	group.protocol = classic
	group.remote.assignor = null
	heartbeat.interval.ms = 3000
	interceptor.classes = []
	internal.throw.on.fetch.stable.offset.unsupported = false
	isolation.level = read_uncommitted
	key.deserializer = class org.apache.kafka.common.serialization.LongDeserializer
	max.partition.fetch.bytes = 1048576
	max.poll.interval.ms = 300000
	max.poll.records = 500
	metadata.max.age.ms = 300000
	metadata.recovery.rebootstrap.trigger.ms = 300000
	metadata.recovery.strategy = rebootstrap
	metric.reporters = [org.apache.kafka.common.metrics.JmxReporter]
	metrics.num.samples = 2
	metrics.recording.level = INFO
	metrics.sample.window.ms = 30000
	partition.assignment.strategy = [class org.apache.kafka.clients.consumer.RangeAssignor, class org.apache.kafka.clients.consumer.CooperativeStickyAssignor]
	receive.buffer.bytes = 65536
	reconnect.backoff.max.ms = 1000
	reconnect.backoff.ms = 50
	request.timeout.ms = 30000
	retry.backoff.max.ms = 1000
	retry.backoff.ms = 100
	sasl.client.callback.handler.class = null
	sasl.jaas.config = null
	sasl.kerberos.kinit.cmd = /usr/bin/kinit
	sasl.kerberos.min.time.before.relogin = 60000
	sasl.kerberos.service.name = null
	sasl.kerberos.ticket.renew.jitter = 0.05
	sasl.kerberos.ticket.renew.window.factor = 0.8
	sasl.login.callback.handler.class = null
	sasl.login.class = null
	sasl.login.connect.timeout.ms = null
	sasl.login.read.timeout.ms = null
	sasl.login.refresh.buffer.seconds = 300
	sasl.login.refresh.min.period.seconds = 60
	sasl.login.refresh.window.factor = 0.8
	sasl.login.refresh.window.jitter = 0.05
	sasl.login.retry.backoff.max.ms = 10000
	sasl.login.retry.backoff.ms = 100
	sasl.mechanism = GSSAPI
	sasl.oauthbearer.assertion.algorithm = RS256
	sasl.oauthbearer.assertion.claim.aud = null
	sasl.oauthbearer.assertion.claim.exp.seconds = 300
	sasl.oauthbearer.assertion.claim.iss = null
	sasl.oauthbearer.assertion.claim.jti.include = false
	sasl.oauthbearer.assertion.claim.nbf.seconds = 60
	sasl.oauthbearer.assertion.claim.sub = null
	sasl.oauthbearer.assertion.file = null
	sasl.oauthbearer.assertion.private.key.file = null
	sasl.oauthbearer.assertion.private.key.passphrase = null
	sasl.oauthbearer.assertion.template.file = null
	sasl.oauthbearer.client.credentials.client.id = null
	sasl.oauthbearer.client.credentials.client.secret = null
	sasl.oauthbearer.clock.skew.seconds = 30
	sasl.oauthbearer.expected.audience = []
	sasl.oauthbearer.expected.issuer = null
	sasl.oauthbearer.header.urlencode = false
	sasl.oauthbearer.jwks.endpoint.refresh.ms = 3600000
	sasl.oauthbearer.jwks.endpoint.retry.backoff.max.ms = 10000
	sasl.oauthbearer.jwks.endpoint.retry.backoff.ms = 100
	sasl.oauthbearer.jwks.endpoint.url = null
	sasl.oauthbearer.jwt.retriever.class = class org.apache.kafka.common.security.oauthbearer.DefaultJwtRetriever
	sasl.oauthbearer.jwt.validator.class = class org.apache.kafka.common.security.oauthbearer.DefaultJwtValidator
	sasl.oauthbearer.scope = null
	sasl.oauthbearer.scope.claim.name = scope
	sasl.oauthbearer.sub.claim.name = sub
	sasl.oauthbearer.token.endpoint.url = null
	security.protocol = PLAINTEXT
	security.providers = null
	send.buffer.bytes = 131072
	session.timeout.ms = 45000
	share.acknowledgement.mode = implicit
	share.acquire.mode = BATCH_OPTIMIZED
	socket.connection.setup.timeout.max.ms = 30000
	socket.connection.setup.timeout.ms = 10000
	ssl.cipher.suites = []
	ssl.enabled.protocols = [TLSv1.2, TLSv1.3]
	ssl.endpoint.identification.algorithm = https
	ssl.engine.factory.class = null
	ssl.key.password = null
	ssl.keymanager.algorithm = SunX509
	ssl.keystore.certificate.chain = null
	ssl.keystore.key = null
	ssl.keystore.location = null
	ssl.keystore.password = null
	ssl.keystore.type = JKS
	ssl.protocol = TLSv1.3
	ssl.provider = null
	ssl.secure.random.implementation = null
	ssl.trustmanager.algorithm = PKIX
	ssl.truststore.certificates = null
	ssl.truststore.location = null
	ssl.truststore.password = null
	ssl.truststore.type = JKS
	value.deserializer = class org.apache.kafka.common.serialization.StringDeserializer

2026-09-28 18:06:25.413 INFO 
				
				[main] o.a.k.c.t.i.KafkaMetricsCollector - initializing Kafka metrics collector
2026-09-28 18:06:25.427 INFO 
				
				[main] o.a.kafka.common.utils.AppInfoParser - Kafka version: 4.2.1
2026-09-28 18:06:25.427 INFO 
				
				[main] o.a.kafka.common.utils.AppInfoParser - Kafka commitId: 92f61c44867f39dc
2026-09-28 18:06:25.427 INFO 
				
				[main] o.a.kafka.common.utils.AppInfoParser - Kafka startTimeMs: 1790598985427
2026-09-28 18:06:25.427 INFO 
				
				[main] o.a.k.c.c.i.ClassicKafkaConsumer - [Consumer clientId=consumer-notification-group.DLT-3, groupId=notification-group.DLT] Subscribed to topic(s): notification-topic.DLT
2026-09-28 18:06:25.431 INFO 
				
				[main] o.a.k.common.config.AbstractConfig - ConsumerConfig values: 
	allow.auto.create.topics = true
	auto.commit.interval.ms = 5000
	auto.offset.reset = earliest
	bootstrap.servers = [localhost:9092]
	check.crcs = true
	client.dns.lookup = use_all_dns_ips
	client.id = consumer-notification-group-retry-4000-4
	client.rack = 
	config.providers = []
	connections.max.idle.ms = 540000
	default.api.timeout.ms = 60000
	enable.auto.commit = false
	enable.metrics.push = true
	exclude.internal.topics = true
	fetch.max.bytes = 52428800
	fetch.max.wait.ms = 500
	fetch.min.bytes = 1
	group.id = notification-group-retry-4000
	group.instance.id = null
	group.protocol = classic
	group.remote.assignor = null
	heartbeat.interval.ms = 3000
	interceptor.classes = []
	internal.throw.on.fetch.stable.offset.unsupported = false
	isolation.level = read_uncommitted
	key.deserializer = class org.apache.kafka.common.serialization.LongDeserializer
	max.partition.fetch.bytes = 1048576
	max.poll.interval.ms = 300000
	max.poll.records = 500
	metadata.max.age.ms = 300000
	metadata.recovery.rebootstrap.trigger.ms = 300000
	metadata.recovery.strategy = rebootstrap
	metric.reporters = [org.apache.kafka.common.metrics.JmxReporter]
	metrics.num.samples = 2
	metrics.recording.level = INFO
	metrics.sample.window.ms = 30000
	partition.assignment.strategy = [class org.apache.kafka.clients.consumer.RangeAssignor, class org.apache.kafka.clients.consumer.CooperativeStickyAssignor]
	receive.buffer.bytes = 65536
	reconnect.backoff.max.ms = 1000
	reconnect.backoff.ms = 50
	request.timeout.ms = 30000
	retry.backoff.max.ms = 1000
	retry.backoff.ms = 100
	sasl.client.callback.handler.class = null
	sasl.jaas.config = null
	sasl.kerberos.kinit.cmd = /usr/bin/kinit
	sasl.kerberos.min.time.before.relogin = 60000
	sasl.kerberos.service.name = null
	sasl.kerberos.ticket.renew.jitter = 0.05
	sasl.kerberos.ticket.renew.window.factor = 0.8
	sasl.login.callback.handler.class = null
	sasl.login.class = null
	sasl.login.connect.timeout.ms = null
	sasl.login.read.timeout.ms = null
	sasl.login.refresh.buffer.seconds = 300
	sasl.login.refresh.min.period.seconds = 60
	sasl.login.refresh.window.factor = 0.8
	sasl.login.refresh.window.jitter = 0.05
	sasl.login.retry.backoff.max.ms = 10000
	sasl.login.retry.backoff.ms = 100
	sasl.mechanism = GSSAPI
	sasl.oauthbearer.assertion.algorithm = RS256
	sasl.oauthbearer.assertion.claim.aud = null
	sasl.oauthbearer.assertion.claim.exp.seconds = 300
	sasl.oauthbearer.assertion.claim.iss = null
	sasl.oauthbearer.assertion.claim.jti.include = false
	sasl.oauthbearer.assertion.claim.nbf.seconds = 60
	sasl.oauthbearer.assertion.claim.sub = null
	sasl.oauthbearer.assertion.file = null
	sasl.oauthbearer.assertion.private.key.file = null
	sasl.oauthbearer.assertion.private.key.passphrase = null
	sasl.oauthbearer.assertion.template.file = null
	sasl.oauthbearer.client.credentials.client.id = null
	sasl.oauthbearer.client.credentials.client.secret = null
	sasl.oauthbearer.clock.skew.seconds = 30
	sasl.oauthbearer.expected.audience = []
	sasl.oauthbearer.expected.issuer = null
	sasl.oauthbearer.header.urlencode = false
	sasl.oauthbearer.jwks.endpoint.refresh.ms = 3600000
	sasl.oauthbearer.jwks.endpoint.retry.backoff.max.ms = 10000
	sasl.oauthbearer.jwks.endpoint.retry.backoff.ms = 100
	sasl.oauthbearer.jwks.endpoint.url = null
	sasl.oauthbearer.jwt.retriever.class = class org.apache.kafka.common.security.oauthbearer.DefaultJwtRetriever
	sasl.oauthbearer.jwt.validator.class = class org.apache.kafka.common.security.oauthbearer.DefaultJwtValidator
	sasl.oauthbearer.scope = null
	sasl.oauthbearer.scope.claim.name = scope
	sasl.oauthbearer.sub.claim.name = sub
	sasl.oauthbearer.token.endpoint.url = null
	security.protocol = PLAINTEXT
	security.providers = null
	send.buffer.bytes = 131072
	session.timeout.ms = 45000
	share.acknowledgement.mode = implicit
	share.acquire.mode = BATCH_OPTIMIZED
	socket.connection.setup.timeout.max.ms = 30000
	socket.connection.setup.timeout.ms = 10000
	ssl.cipher.suites = []
	ssl.enabled.protocols = [TLSv1.2, TLSv1.3]
	ssl.endpoint.identification.algorithm = https
	ssl.engine.factory.class = null
	ssl.key.password = null
	ssl.keymanager.algorithm = SunX509
	ssl.keystore.certificate.chain = null
	ssl.keystore.key = null
	ssl.keystore.location = null
	ssl.keystore.password = null
	ssl.keystore.type = JKS
	ssl.protocol = TLSv1.3
	ssl.provider = null
	ssl.secure.random.implementation = null
	ssl.trustmanager.algorithm = PKIX
	ssl.truststore.certificates = null
	ssl.truststore.location = null
	ssl.truststore.password = null
	ssl.truststore.type = JKS
	value.deserializer = class org.apache.kafka.common.serialization.StringDeserializer

2026-09-28 18:06:25.432 INFO 
				
				[main] o.a.k.c.t.i.KafkaMetricsCollector - initializing Kafka metrics collector
2026-09-28 18:06:25.446 INFO 
				
				[main] o.a.kafka.common.utils.AppInfoParser - Kafka version: 4.2.1
2026-09-28 18:06:25.446 INFO 
				
				[main] o.a.kafka.common.utils.AppInfoParser - Kafka commitId: 92f61c44867f39dc
2026-09-28 18:06:25.447 INFO 
				
				[main] o.a.kafka.common.utils.AppInfoParser - Kafka startTimeMs: 1790598985445
2026-09-28 18:06:25.449 INFO 
				
				[main] o.a.k.c.c.i.ClassicKafkaConsumer - [Consumer clientId=consumer-notification-group-retry-4000-4, groupId=notification-group-retry-4000] Subscribed to topic(s): notification-topic-retry-4000
2026-09-28 18:06:25.452 INFO 
				
				[main] o.a.k.common.config.AbstractConfig - ConsumerConfig values: 
	allow.auto.create.topics = true
	auto.commit.interval.ms = 5000
	auto.offset.reset = earliest
	bootstrap.servers = [localhost:9092]
	check.crcs = true
	client.dns.lookup = use_all_dns_ips
	client.id = consumer-notification-group-5
	client.rack = 
	config.providers = []
	connections.max.idle.ms = 540000
	default.api.timeout.ms = 60000
	enable.auto.commit = false
	enable.metrics.push = true
	exclude.internal.topics = true
	fetch.max.bytes = 52428800
	fetch.max.wait.ms = 500
	fetch.min.bytes = 1
	group.id = notification-group
	group.instance.id = null
	group.protocol = classic
	group.remote.assignor = null
	heartbeat.interval.ms = 3000
	interceptor.classes = []
	internal.throw.on.fetch.stable.offset.unsupported = false
	isolation.level = read_uncommitted
	key.deserializer = class org.apache.kafka.common.serialization.LongDeserializer
	max.partition.fetch.bytes = 1048576
	max.poll.interval.ms = 300000
	max.poll.records = 500
	metadata.max.age.ms = 300000
	metadata.recovery.rebootstrap.trigger.ms = 300000
	metadata.recovery.strategy = rebootstrap
	metric.reporters = [org.apache.kafka.common.metrics.JmxReporter]
	metrics.num.samples = 2
	metrics.recording.level = INFO
	metrics.sample.window.ms = 30000
	partition.assignment.strategy = [class org.apache.kafka.clients.consumer.RangeAssignor, class org.apache.kafka.clients.consumer.CooperativeStickyAssignor]
	receive.buffer.bytes = 65536
	reconnect.backoff.max.ms = 1000
	reconnect.backoff.ms = 50
	request.timeout.ms = 30000
	retry.backoff.max.ms = 1000
	retry.backoff.ms = 100
	sasl.client.callback.handler.class = null
	sasl.jaas.config = null
	sasl.kerberos.kinit.cmd = /usr/bin/kinit
	sasl.kerberos.min.time.before.relogin = 60000
	sasl.kerberos.service.name = null
	sasl.kerberos.ticket.renew.jitter = 0.05
	sasl.kerberos.ticket.renew.window.factor = 0.8
	sasl.login.callback.handler.class = null
	sasl.login.class = null
	sasl.login.connect.timeout.ms = null
	sasl.login.read.timeout.ms = null
	sasl.login.refresh.buffer.seconds = 300
	sasl.login.refresh.min.period.seconds = 60
	sasl.login.refresh.window.factor = 0.8
	sasl.login.refresh.window.jitter = 0.05
	sasl.login.retry.backoff.max.ms = 10000
	sasl.login.retry.backoff.ms = 100
	sasl.mechanism = GSSAPI
	sasl.oauthbearer.assertion.algorithm = RS256
	sasl.oauthbearer.assertion.claim.aud = null
	sasl.oauthbearer.assertion.claim.exp.seconds = 300
	sasl.oauthbearer.assertion.claim.iss = null
	sasl.oauthbearer.assertion.claim.jti.include = false
	sasl.oauthbearer.assertion.claim.nbf.seconds = 60
	sasl.oauthbearer.assertion.claim.sub = null
	sasl.oauthbearer.assertion.file = null
	sasl.oauthbearer.assertion.private.key.file = null
	sasl.oauthbearer.assertion.private.key.passphrase = null
	sasl.oauthbearer.assertion.template.file = null
	sasl.oauthbearer.client.credentials.client.id = null
	sasl.oauthbearer.client.credentials.client.secret = null
	sasl.oauthbearer.clock.skew.seconds = 30
	sasl.oauthbearer.expected.audience = []
	sasl.oauthbearer.expected.issuer = null
	sasl.oauthbearer.header.urlencode = false
	sasl.oauthbearer.jwks.endpoint.refresh.ms = 3600000
	sasl.oauthbearer.jwks.endpoint.retry.backoff.max.ms = 10000
	sasl.oauthbearer.jwks.endpoint.retry.backoff.ms = 100
	sasl.oauthbearer.jwks.endpoint.url = null
	sasl.oauthbearer.jwt.retriever.class = class org.apache.kafka.common.security.oauthbearer.DefaultJwtRetriever
	sasl.oauthbearer.jwt.validator.class = class org.apache.kafka.common.security.oauthbearer.DefaultJwtValidator
	sasl.oauthbearer.scope = null
	sasl.oauthbearer.scope.claim.name = scope
	sasl.oauthbearer.sub.claim.name = sub
	sasl.oauthbearer.token.endpoint.url = null
	security.protocol = PLAINTEXT
	security.providers = null
	send.buffer.bytes = 131072
	session.timeout.ms = 45000
	share.acknowledgement.mode = implicit
	share.acquire.mode = BATCH_OPTIMIZED
	socket.connection.setup.timeout.max.ms = 30000
	socket.connection.setup.timeout.ms = 10000
	ssl.cipher.suites = []
	ssl.enabled.protocols = [TLSv1.2, TLSv1.3]
	ssl.endpoint.identification.algorithm = https
	ssl.engine.factory.class = null
	ssl.key.password = null
	ssl.keymanager.algorithm = SunX509
	ssl.keystore.certificate.chain = null
	ssl.keystore.key = null
	ssl.keystore.location = null
	ssl.keystore.password = null
	ssl.keystore.type = JKS
	ssl.protocol = TLSv1.3
	ssl.provider = null
	ssl.secure.random.implementation = null
	ssl.trustmanager.algorithm = PKIX
	ssl.truststore.certificates = null
	ssl.truststore.location = null
	ssl.truststore.password = null
	ssl.truststore.type = JKS
	value.deserializer = class org.apache.kafka.common.serialization.StringDeserializer

2026-09-28 18:06:25.459 INFO 
				
				[main] o.a.k.c.t.i.KafkaMetricsCollector - initializing Kafka metrics collector
2026-09-28 18:06:25.472 INFO 
				
				[main] o.a.kafka.common.utils.AppInfoParser - Kafka version: 4.2.1
2026-09-28 18:06:25.473 INFO 
				
				[main] o.a.kafka.common.utils.AppInfoParser - Kafka commitId: 92f61c44867f39dc
2026-09-28 18:06:25.477 INFO 
				
				[main] o.a.kafka.common.utils.AppInfoParser - Kafka startTimeMs: 1790598985472
2026-09-28 18:06:25.480 INFO 
				
				[main] o.a.k.c.c.i.ClassicKafkaConsumer - [Consumer clientId=consumer-notification-group-5, groupId=notification-group] Subscribed to topic(s): notification-topic
2026-09-28 18:06:25.514 INFO 
				
				[org.springframework.kafka.KafkaListenerEndpointContainer#0.DLT-0-C-1] org.apache.kafka.clients.Metadata - [Consumer clientId=consumer-notification-group.DLT-3, groupId=notification-group.DLT] Cluster ID: 5L6g3nShT-eMCtK--X86sw
2026-09-28 18:06:25.514 INFO 
				
				[org.springframework.kafka.KafkaListenerEndpointContainer#0-retry-8000-0-C-1] org.apache.kafka.clients.Metadata - [Consumer clientId=consumer-notification-group-retry-8000-2, groupId=notification-group-retry-8000] Cluster ID: 5L6g3nShT-eMCtK--X86sw
2026-09-28 18:06:25.514 INFO 
				
				[org.springframework.kafka.KafkaListenerEndpointContainer#0-retry-2000-0-C-1] org.apache.kafka.clients.Metadata - [Consumer clientId=consumer-notification-group-retry-2000-1, groupId=notification-group-retry-2000] Cluster ID: 5L6g3nShT-eMCtK--X86sw
2026-09-28 18:06:25.515 INFO 
				
				[org.springframework.kafka.KafkaListenerEndpointContainer#0-retry-4000-0-C-1] org.apache.kafka.clients.Metadata - [Consumer clientId=consumer-notification-group-retry-4000-4, groupId=notification-group-retry-4000] Cluster ID: 5L6g3nShT-eMCtK--X86sw
2026-09-28 18:06:25.524 INFO 
				
				[org.springframework.kafka.KafkaListenerEndpointContainer#0-retry-8000-0-C-1] o.a.k.c.c.i.ConsumerCoordinator - [Consumer clientId=consumer-notification-group-retry-8000-2, groupId=notification-group-retry-8000] Discovered group coordinator localhost:9092 (id: 2147483646 rack: null isFenced: false)
2026-09-28 18:06:25.524 INFO 
				
				[org.springframework.kafka.KafkaListenerEndpointContainer#0-retry-2000-0-C-1] o.a.k.c.c.i.ConsumerCoordinator - [Consumer clientId=consumer-notification-group-retry-2000-1, groupId=notification-group-retry-2000] Discovered group coordinator localhost:9092 (id: 2147483646 rack: null isFenced: false)
2026-09-28 18:06:25.524 INFO 
				
				[org.springframework.kafka.KafkaListenerEndpointContainer#0-retry-4000-0-C-1] o.a.k.c.c.i.ConsumerCoordinator - [Consumer clientId=consumer-notification-group-retry-4000-4, groupId=notification-group-retry-4000] Discovered group coordinator localhost:9092 (id: 2147483646 rack: null isFenced: false)
2026-09-28 18:06:25.524 INFO 
				
				[org.springframework.kafka.KafkaListenerEndpointContainer#0.DLT-0-C-1] o.a.k.c.c.i.ConsumerCoordinator - [Consumer clientId=consumer-notification-group.DLT-3, groupId=notification-group.DLT] Discovered group coordinator localhost:9092 (id: 2147483646 rack: null isFenced: false)
2026-09-28 18:06:25.530 INFO 
				
				[org.springframework.kafka.KafkaListenerEndpointContainer#0-retry-8000-0-C-1] o.a.k.c.c.i.ConsumerCoordinator - [Consumer clientId=consumer-notification-group-retry-8000-2, groupId=notification-group-retry-8000] (Re-)joining group
2026-09-28 18:06:25.530 INFO 
				
				[org.springframework.kafka.KafkaListenerEndpointContainer#0-retry-4000-0-C-1] o.a.k.c.c.i.ConsumerCoordinator - [Consumer clientId=consumer-notification-group-retry-4000-4, groupId=notification-group-retry-4000] (Re-)joining group
2026-09-28 18:06:25.530 INFO 
				
				[org.springframework.kafka.KafkaListenerEndpointContainer#0-retry-2000-0-C-1] o.a.k.c.c.i.ConsumerCoordinator - [Consumer clientId=consumer-notification-group-retry-2000-1, groupId=notification-group-retry-2000] (Re-)joining group
2026-09-28 18:06:25.531 INFO 
				
				[org.springframework.kafka.KafkaListenerEndpointContainer#0.DLT-0-C-1] o.a.k.c.c.i.ConsumerCoordinator - [Consumer clientId=consumer-notification-group.DLT-3, groupId=notification-group.DLT] (Re-)joining group
2026-09-28 18:06:25.542 INFO 
				
				[main] c.k.m.MicroserviceNotificationConsumerApplication - Started MicroserviceNotificationConsumerApplication in 8.266 seconds (process running for 10.077)
2026-09-28 18:06:25.556 INFO 
				
				[org.springframework.kafka.KafkaListenerEndpointContainer#0-0-C-1] org.apache.kafka.clients.Metadata - [Consumer clientId=consumer-notification-group-5, groupId=notification-group] Cluster ID: 5L6g3nShT-eMCtK--X86sw
2026-09-28 18:06:25.558 INFO 
				
				[org.springframework.kafka.KafkaListenerEndpointContainer#0-0-C-1] o.a.k.c.c.i.ConsumerCoordinator - [Consumer clientId=consumer-notification-group-5, groupId=notification-group] Discovered group coordinator localhost:9092 (id: 2147483646 rack: null isFenced: false)
2026-09-28 18:06:25.560 INFO 
				
				[org.springframework.kafka.KafkaListenerEndpointContainer#0-0-C-1] o.a.k.c.c.i.ConsumerCoordinator - [Consumer clientId=consumer-notification-group-5, groupId=notification-group] (Re-)joining group
2026-09-28 18:06:25.595 INFO 
				
				[org.springframework.kafka.KafkaListenerEndpointContainer#0.DLT-0-C-1] o.a.k.c.c.i.ConsumerCoordinator - [Consumer clientId=consumer-notification-group.DLT-3, groupId=notification-group.DLT] Request joining group due to: need to re-join with the given member-id: consumer-notification-group.DLT-3-f87931af-f9b5-4cd3-9ff7-7d51a1cbd4cf
2026-09-28 18:06:25.595 INFO 
				
				[org.springframework.kafka.KafkaListenerEndpointContainer#0-retry-8000-0-C-1] o.a.k.c.c.i.ConsumerCoordinator - [Consumer clientId=consumer-notification-group-retry-8000-2, groupId=notification-group-retry-8000] Request joining group due to: need to re-join with the given member-id: consumer-notification-group-retry-8000-2-c1aeddb3-b192-4185-abe5-80bd105d1aa0
2026-09-28 18:06:25.595 INFO 
				
				[org.springframework.kafka.KafkaListenerEndpointContainer#0-retry-4000-0-C-1] o.a.k.c.c.i.ConsumerCoordinator - [Consumer clientId=consumer-notification-group-retry-4000-4, groupId=notification-group-retry-4000] Request joining group due to: need to re-join with the given member-id: consumer-notification-group-retry-4000-4-fdb2841e-3790-4ce1-bb8d-5a0c85eeeb7d
2026-09-28 18:06:25.595 INFO 
				
				[org.springframework.kafka.KafkaListenerEndpointContainer#0-retry-2000-0-C-1] o.a.k.c.c.i.ConsumerCoordinator - [Consumer clientId=consumer-notification-group-retry-2000-1, groupId=notification-group-retry-2000] Request joining group due to: need to re-join with the given member-id: consumer-notification-group-retry-2000-1-7d39bee3-a4e0-46c3-9a1c-d5e2e5dc9a21
2026-09-28 18:06:25.596 INFO 
				
				[org.springframework.kafka.KafkaListenerEndpointContainer#0.DLT-0-C-1] o.a.k.c.c.i.ConsumerCoordinator - [Consumer clientId=consumer-notification-group.DLT-3, groupId=notification-group.DLT] (Re-)joining group
2026-09-28 18:06:25.596 INFO 
				
				[org.springframework.kafka.KafkaListenerEndpointContainer#0-retry-8000-0-C-1] o.a.k.c.c.i.ConsumerCoordinator - [Consumer clientId=consumer-notification-group-retry-8000-2, groupId=notification-group-retry-8000] (Re-)joining group
2026-09-28 18:06:25.597 INFO 
				
				[org.springframework.kafka.KafkaListenerEndpointContainer#0-0-C-1] o.a.k.c.c.i.ConsumerCoordinator - [Consumer clientId=consumer-notification-group-5, groupId=notification-group] Request joining group due to: need to re-join with the given member-id: consumer-notification-group-5-80fe16ab-3602-4b6d-99cf-087b97a2cf16
2026-09-28 18:06:25.597 INFO 
				
				[org.springframework.kafka.KafkaListenerEndpointContainer#0-retry-2000-0-C-1] o.a.k.c.c.i.ConsumerCoordinator - [Consumer clientId=consumer-notification-group-retry-2000-1, groupId=notification-group-retry-2000] (Re-)joining group
2026-09-28 18:06:25.597 INFO 
				
				[org.springframework.kafka.KafkaListenerEndpointContainer#0-retry-4000-0-C-1] o.a.k.c.c.i.ConsumerCoordinator - [Consumer clientId=consumer-notification-group-retry-4000-4, groupId=notification-group-retry-4000] (Re-)joining group
2026-09-28 18:06:25.598 INFO 
				
				[org.springframework.kafka.KafkaListenerEndpointContainer#0-0-C-1] o.a.k.c.c.i.ConsumerCoordinator - [Consumer clientId=consumer-notification-group-5, groupId=notification-group] (Re-)joining group
2026-09-28 18:06:25.616 INFO 
				
				[org.springframework.kafka.KafkaListenerEndpointContainer#0.DLT-0-C-1] o.a.k.c.c.i.ConsumerCoordinator - [Consumer clientId=consumer-notification-group.DLT-3, groupId=notification-group.DLT] Successfully joined group with generation Generation{generationId=1, memberId='consumer-notification-group.DLT-3-f87931af-f9b5-4cd3-9ff7-7d51a1cbd4cf', protocol='range'}
2026-09-28 18:06:25.616 INFO 
				
				[org.springframework.kafka.KafkaListenerEndpointContainer#0-0-C-1] o.a.k.c.c.i.ConsumerCoordinator - [Consumer clientId=consumer-notification-group-5, groupId=notification-group] Successfully joined group with generation Generation{generationId=10, memberId='consumer-notification-group-5-80fe16ab-3602-4b6d-99cf-087b97a2cf16', protocol='range'}
2026-09-28 18:06:25.616 INFO 
				
				[org.springframework.kafka.KafkaListenerEndpointContainer#0-retry-2000-0-C-1] o.a.k.c.c.i.ConsumerCoordinator - [Consumer clientId=consumer-notification-group-retry-2000-1, groupId=notification-group-retry-2000] Successfully joined group with generation Generation{generationId=1, memberId='consumer-notification-group-retry-2000-1-7d39bee3-a4e0-46c3-9a1c-d5e2e5dc9a21', protocol='range'}
2026-09-28 18:06:25.616 INFO 
				
				[org.springframework.kafka.KafkaListenerEndpointContainer#0-retry-4000-0-C-1] o.a.k.c.c.i.ConsumerCoordinator - [Consumer clientId=consumer-notification-group-retry-4000-4, groupId=notification-group-retry-4000] Successfully joined group with generation Generation{generationId=1, memberId='consumer-notification-group-retry-4000-4-fdb2841e-3790-4ce1-bb8d-5a0c85eeeb7d', protocol='range'}
2026-09-28 18:06:25.616 INFO 
				
				[org.springframework.kafka.KafkaListenerEndpointContainer#0-retry-8000-0-C-1] o.a.k.c.c.i.ConsumerCoordinator - [Consumer clientId=consumer-notification-group-retry-8000-2, groupId=notification-group-retry-8000] Successfully joined group with generation Generation{generationId=1, memberId='consumer-notification-group-retry-8000-2-c1aeddb3-b192-4185-abe5-80bd105d1aa0', protocol='range'}
2026-09-28 18:06:25.643 INFO 
				
				[org.springframework.kafka.KafkaListenerEndpointContainer#0.DLT-0-C-1] o.a.k.c.c.i.ConsumerCoordinator - [Consumer clientId=consumer-notification-group.DLT-3, groupId=notification-group.DLT] Finished assignment for group at generation 1: {consumer-notification-group.DLT-3-f87931af-f9b5-4cd3-9ff7-7d51a1cbd4cf=Assignment(partitions=[notification-topic.DLT-0])}
2026-09-28 18:06:25.643 INFO 
				
				[org.springframework.kafka.KafkaListenerEndpointContainer#0-retry-4000-0-C-1] o.a.k.c.c.i.ConsumerCoordinator - [Consumer clientId=consumer-notification-group-retry-4000-4, groupId=notification-group-retry-4000] Finished assignment for group at generation 1: {consumer-notification-group-retry-4000-4-fdb2841e-3790-4ce1-bb8d-5a0c85eeeb7d=Assignment(partitions=[notification-topic-retry-4000-0])}
2026-09-28 18:06:25.643 INFO 
				
				[org.springframework.kafka.KafkaListenerEndpointContainer#0-retry-8000-0-C-1] o.a.k.c.c.i.ConsumerCoordinator - [Consumer clientId=consumer-notification-group-retry-8000-2, groupId=notification-group-retry-8000] Finished assignment for group at generation 1: {consumer-notification-group-retry-8000-2-c1aeddb3-b192-4185-abe5-80bd105d1aa0=Assignment(partitions=[notification-topic-retry-8000-0])}
2026-09-28 18:06:25.643 INFO 
				
				[org.springframework.kafka.KafkaListenerEndpointContainer#0-retry-2000-0-C-1] o.a.k.c.c.i.ConsumerCoordinator - [Consumer clientId=consumer-notification-group-retry-2000-1, groupId=notification-group-retry-2000] Finished assignment for group at generation 1: {consumer-notification-group-retry-2000-1-7d39bee3-a4e0-46c3-9a1c-d5e2e5dc9a21=Assignment(partitions=[notification-topic-retry-2000-0])}
2026-09-28 18:06:25.643 INFO 
				
				[org.springframework.kafka.KafkaListenerEndpointContainer#0-0-C-1] o.a.k.c.c.i.ConsumerCoordinator - [Consumer clientId=consumer-notification-group-5, groupId=notification-group] Finished assignment for group at generation 10: {consumer-notification-group-5-80fe16ab-3602-4b6d-99cf-087b97a2cf16=Assignment(partitions=[notification-topic-0, notification-topic-1, notification-topic-2])}
2026-09-28 18:06:25.661 INFO 
				
				[org.springframework.kafka.KafkaListenerEndpointContainer#0-retry-4000-0-C-1] o.a.k.c.c.i.ConsumerCoordinator - [Consumer clientId=consumer-notification-group-retry-4000-4, groupId=notification-group-retry-4000] Successfully synced group in generation Generation{generationId=1, memberId='consumer-notification-group-retry-4000-4-fdb2841e-3790-4ce1-bb8d-5a0c85eeeb7d', protocol='range'}
2026-09-28 18:06:25.661 INFO 
				
				[org.springframework.kafka.KafkaListenerEndpointContainer#0-retry-2000-0-C-1] o.a.k.c.c.i.ConsumerCoordinator - [Consumer clientId=consumer-notification-group-retry-2000-1, groupId=notification-group-retry-2000] Successfully synced group in generation Generation{generationId=1, memberId='consumer-notification-group-retry-2000-1-7d39bee3-a4e0-46c3-9a1c-d5e2e5dc9a21', protocol='range'}
2026-09-28 18:06:25.662 INFO 
				
				[org.springframework.kafka.KafkaListenerEndpointContainer#0-retry-8000-0-C-1] o.a.k.c.c.i.ConsumerCoordinator - [Consumer clientId=consumer-notification-group-retry-8000-2, groupId=notification-group-retry-8000] Successfully synced group in generation Generation{generationId=1, memberId='consumer-notification-group-retry-8000-2-c1aeddb3-b192-4185-abe5-80bd105d1aa0', protocol='range'}
2026-09-28 18:06:25.663 INFO 
				
				[org.springframework.kafka.KafkaListenerEndpointContainer#0-retry-8000-0-C-1] o.a.k.c.c.i.ConsumerCoordinator - [Consumer clientId=consumer-notification-group-retry-8000-2, groupId=notification-group-retry-8000] Notifying assignor about the new Assignment(partitions=[notification-topic-retry-8000-0])
2026-09-28 18:06:25.663 INFO 
				
				[org.springframework.kafka.KafkaListenerEndpointContainer#0-0-C-1] o.a.k.c.c.i.ConsumerCoordinator - [Consumer clientId=consumer-notification-group-5, groupId=notification-group] Successfully synced group in generation Generation{generationId=10, memberId='consumer-notification-group-5-80fe16ab-3602-4b6d-99cf-087b97a2cf16', protocol='range'}
2026-09-28 18:06:25.663 INFO 
				
				[org.springframework.kafka.KafkaListenerEndpointContainer#0.DLT-0-C-1] o.a.k.c.c.i.ConsumerCoordinator - [Consumer clientId=consumer-notification-group.DLT-3, groupId=notification-group.DLT] Successfully synced group in generation Generation{generationId=1, memberId='consumer-notification-group.DLT-3-f87931af-f9b5-4cd3-9ff7-7d51a1cbd4cf', protocol='range'}
2026-09-28 18:06:25.663 INFO 
				
				[org.springframework.kafka.KafkaListenerEndpointContainer#0-retry-4000-0-C-1] o.a.k.c.c.i.ConsumerCoordinator - [Consumer clientId=consumer-notification-group-retry-4000-4, groupId=notification-group-retry-4000] Notifying assignor about the new Assignment(partitions=[notification-topic-retry-4000-0])
2026-09-28 18:06:25.664 INFO 
				
				[org.springframework.kafka.KafkaListenerEndpointContainer#0.DLT-0-C-1] o.a.k.c.c.i.ConsumerCoordinator - [Consumer clientId=consumer-notification-group.DLT-3, groupId=notification-group.DLT] Notifying assignor about the new Assignment(partitions=[notification-topic.DLT-0])
2026-09-28 18:06:25.664 INFO 
				
				[org.springframework.kafka.KafkaListenerEndpointContainer#0-0-C-1] o.a.k.c.c.i.ConsumerCoordinator - [Consumer clientId=consumer-notification-group-5, groupId=notification-group] Notifying assignor about the new Assignment(partitions=[notification-topic-0, notification-topic-1, notification-topic-2])
2026-09-28 18:06:25.664 INFO 
				
				[org.springframework.kafka.KafkaListenerEndpointContainer#0-retry-2000-0-C-1] o.a.k.c.c.i.ConsumerCoordinator - [Consumer clientId=consumer-notification-group-retry-2000-1, groupId=notification-group-retry-2000] Notifying assignor about the new Assignment(partitions=[notification-topic-retry-2000-0])
2026-09-28 18:06:25.670 INFO 
				
				[org.springframework.kafka.KafkaListenerEndpointContainer#0-0-C-1] o.a.k.c.c.i.ConsumerRebalanceListenerInvoker - [Consumer clientId=consumer-notification-group-5, groupId=notification-group] Adding newly assigned partitions: [notification-topic-0, notification-topic-1, notification-topic-2]
2026-09-28 18:06:25.670 INFO 
				
				[org.springframework.kafka.KafkaListenerEndpointContainer#0-retry-4000-0-C-1] o.a.k.c.c.i.ConsumerRebalanceListenerInvoker - [Consumer clientId=consumer-notification-group-retry-4000-4, groupId=notification-group-retry-4000] Adding newly assigned partitions: [notification-topic-retry-4000-0]
2026-09-28 18:06:25.670 INFO 
				
				[org.springframework.kafka.KafkaListenerEndpointContainer#0-retry-2000-0-C-1] o.a.k.c.c.i.ConsumerRebalanceListenerInvoker - [Consumer clientId=consumer-notification-group-retry-2000-1, groupId=notification-group-retry-2000] Adding newly assigned partitions: [notification-topic-retry-2000-0]
2026-09-28 18:06:25.669 INFO 
				
				[org.springframework.kafka.KafkaListenerEndpointContainer#0-retry-8000-0-C-1] o.a.k.c.c.i.ConsumerRebalanceListenerInvoker - [Consumer clientId=consumer-notification-group-retry-8000-2, groupId=notification-group-retry-8000] Adding newly assigned partitions: [notification-topic-retry-8000-0]
2026-09-28 18:06:25.671 INFO 
				
				[org.springframework.kafka.KafkaListenerEndpointContainer#0.DLT-0-C-1] o.a.k.c.c.i.ConsumerRebalanceListenerInvoker - [Consumer clientId=consumer-notification-group.DLT-3, groupId=notification-group.DLT] Adding newly assigned partitions: [notification-topic.DLT-0]
2026-09-28 18:06:25.709 INFO 
				
				[org.springframework.kafka.KafkaListenerEndpointContainer#0-retry-8000-0-C-1] o.a.k.c.c.i.ConsumerCoordinator - [Consumer clientId=consumer-notification-group-retry-8000-2, groupId=notification-group-retry-8000] Found no committed offset for partition notification-topic-retry-8000-0
2026-09-28 18:06:25.709 INFO 
				
				[org.springframework.kafka.KafkaListenerEndpointContainer#0.DLT-0-C-1] o.a.k.c.c.i.ConsumerCoordinator - [Consumer clientId=consumer-notification-group.DLT-3, groupId=notification-group.DLT] Found no committed offset for partition notification-topic.DLT-0
2026-09-28 18:06:25.709 INFO 
				
				[org.springframework.kafka.KafkaListenerEndpointContainer#0-retry-2000-0-C-1] o.a.k.c.c.i.ConsumerCoordinator - [Consumer clientId=consumer-notification-group-retry-2000-1, groupId=notification-group-retry-2000] Found no committed offset for partition notification-topic-retry-2000-0
2026-09-28 18:06:25.709 INFO 
				
				[org.springframework.kafka.KafkaListenerEndpointContainer#0-retry-4000-0-C-1] o.a.k.c.c.i.ConsumerCoordinator - [Consumer clientId=consumer-notification-group-retry-4000-4, groupId=notification-group-retry-4000] Found no committed offset for partition notification-topic-retry-4000-0
2026-09-28 18:06:25.709 INFO 
				
				[org.springframework.kafka.KafkaListenerEndpointContainer#0-0-C-1] o.a.k.c.c.i.ConsumerCoordinator - [Consumer clientId=consumer-notification-group-5, groupId=notification-group] Found no committed offset for partition notification-topic-0
2026-09-28 18:06:25.717 INFO 
				
				[org.springframework.kafka.KafkaListenerEndpointContainer#0-0-C-1] o.a.k.c.c.internals.ConsumerUtils - Setting offset for partition notification-topic-1 to the committed offset FetchPosition{offset=1, offsetEpoch=Optional.empty, currentLeader=LeaderAndEpoch{leader=Optional[localhost:9092 (id: 1 rack: null isFenced: false)], epoch=2}}
2026-09-28 18:06:25.732 INFO 
				
				[org.springframework.kafka.KafkaListenerEndpointContainer#0-0-C-1] o.a.k.c.c.internals.ConsumerUtils - Setting offset for partition notification-topic-2 to the committed offset FetchPosition{offset=1, offsetEpoch=Optional.empty, currentLeader=LeaderAndEpoch{leader=Optional[localhost:9092 (id: 1 rack: null isFenced: false)], epoch=2}}
2026-09-28 18:06:25.758 INFO 
				
				[org.springframework.kafka.KafkaListenerEndpointContainer#0-retry-4000-0-C-1] o.a.k.c.c.i.SubscriptionState - [Consumer clientId=consumer-notification-group-retry-4000-4, groupId=notification-group-retry-4000] Resetting offset for partition notification-topic-retry-4000-0 to position FetchPosition{offset=0, offsetEpoch=Optional.empty, currentLeader=LeaderAndEpoch{leader=Optional[localhost:9092 (id: 1 rack: null isFenced: false)], epoch=0}}.
2026-09-28 18:06:25.758 INFO 
				
				[org.springframework.kafka.KafkaListenerEndpointContainer#0-0-C-1] o.a.k.c.c.i.SubscriptionState - [Consumer clientId=consumer-notification-group-5, groupId=notification-group] Resetting offset for partition notification-topic-0 to position FetchPosition{offset=0, offsetEpoch=Optional.empty, currentLeader=LeaderAndEpoch{leader=Optional[localhost:9092 (id: 1 rack: null isFenced: false)], epoch=2}}.
2026-09-28 18:06:25.758 INFO 
				
				[org.springframework.kafka.KafkaListenerEndpointContainer#0-retry-2000-0-C-1] o.a.k.c.c.i.SubscriptionState - [Consumer clientId=consumer-notification-group-retry-2000-1, groupId=notification-group-retry-2000] Resetting offset for partition notification-topic-retry-2000-0 to position FetchPosition{offset=0, offsetEpoch=Optional.empty, currentLeader=LeaderAndEpoch{leader=Optional[localhost:9092 (id: 1 rack: null isFenced: false)], epoch=0}}.
2026-09-28 18:06:25.758 INFO 
				
				[org.springframework.kafka.KafkaListenerEndpointContainer#0-retry-8000-0-C-1] o.a.k.c.c.i.SubscriptionState - [Consumer clientId=consumer-notification-group-retry-8000-2, groupId=notification-group-retry-8000] Resetting offset for partition notification-topic-retry-8000-0 to position FetchPosition{offset=0, offsetEpoch=Optional.empty, currentLeader=LeaderAndEpoch{leader=Optional[localhost:9092 (id: 1 rack: null isFenced: false)], epoch=0}}.
2026-09-28 18:06:25.758 INFO 
				
				[org.springframework.kafka.KafkaListenerEndpointContainer#0.DLT-0-C-1] o.a.k.c.c.i.SubscriptionState - [Consumer clientId=consumer-notification-group.DLT-3, groupId=notification-group.DLT] Resetting offset for partition notification-topic.DLT-0 to position FetchPosition{offset=0, offsetEpoch=Optional.empty, currentLeader=LeaderAndEpoch{leader=Optional[localhost:9092 (id: 1 rack: null isFenced: false)], epoch=0}}.
2026-09-28 18:06:25.761 INFO 
				
				[org.springframework.kafka.KafkaListenerEndpointContainer#0.DLT-0-C-1] o.s.k.l.KafkaMessageListenerContainer - notification-group.DLT: partitions assigned: [notification-topic.DLT-0]
2026-09-28 18:06:25.761 INFO 
				
				[org.springframework.kafka.KafkaListenerEndpointContainer#0-retry-2000-0-C-1] o.s.k.l.KafkaMessageListenerContainer - notification-group-retry-2000: partitions assigned: [notification-topic-retry-2000-0]
2026-09-28 18:06:25.761 INFO 
				
				[org.springframework.kafka.KafkaListenerEndpointContainer#0-retry-4000-0-C-1] o.s.k.l.KafkaMessageListenerContainer - notification-group-retry-4000: partitions assigned: [notification-topic-retry-4000-0]
2026-09-28 18:06:25.761 INFO 
				
				[org.springframework.kafka.KafkaListenerEndpointContainer#0-0-C-1] o.s.k.l.KafkaMessageListenerContainer - notification-group: partitions assigned: [notification-topic-0, notification-topic-1, notification-topic-2]
2026-09-28 18:06:25.764 INFO 
				
				[org.springframework.kafka.KafkaListenerEndpointContainer#0-retry-8000-0-C-1] o.s.k.l.KafkaMessageListenerContainer - notification-group-retry-8000: partitions assigned: [notification-topic-retry-8000-0]
2026-09-28 18:11:01.977 INFO 
				
				[RMI TCP Connection(6)-10.92.45.245] o.s.b.a.SpringApplicationAdminMXBeanRegistrar$SpringApplicationAdmin - Application shutdown requested.
2026-09-28 18:11:01.985 INFO 
				
				[org.springframework.kafka.KafkaListenerEndpointContainer#0.DLT-0-C-1] o.a.k.c.c.i.ConsumerRebalanceListenerInvoker - [Consumer clientId=consumer-notification-group.DLT-3, groupId=notification-group.DLT] Revoke previously assigned partitions [notification-topic.DLT-0]
2026-09-28 18:11:01.985 INFO 
				
				[org.springframework.kafka.KafkaListenerEndpointContainer#0-retry-4000-0-C-1] o.a.k.c.c.i.ConsumerRebalanceListenerInvoker - [Consumer clientId=consumer-notification-group-retry-4000-4, groupId=notification-group-retry-4000] Revoke previously assigned partitions [notification-topic-retry-4000-0]
2026-09-28 18:11:01.985 INFO 
				
				[org.springframework.kafka.KafkaListenerEndpointContainer#0-retry-8000-0-C-1] o.a.k.c.c.i.ConsumerRebalanceListenerInvoker - [Consumer clientId=consumer-notification-group-retry-8000-2, groupId=notification-group-retry-8000] Revoke previously assigned partitions [notification-topic-retry-8000-0]
2026-09-28 18:11:01.985 INFO 
				
				[org.springframework.kafka.KafkaListenerEndpointContainer#0-0-C-1] o.a.k.c.c.i.ConsumerRebalanceListenerInvoker - [Consumer clientId=consumer-notification-group-5, groupId=notification-group] Revoke previously assigned partitions [notification-topic-0, notification-topic-1, notification-topic-2]
2026-09-28 18:11:01.985 INFO 
				
				[org.springframework.kafka.KafkaListenerEndpointContainer#0-retry-2000-0-C-1] o.a.k.c.c.i.ConsumerRebalanceListenerInvoker - [Consumer clientId=consumer-notification-group-retry-2000-1, groupId=notification-group-retry-2000] Revoke previously assigned partitions [notification-topic-retry-2000-0]
2026-09-28 18:11:01.987 INFO 
				
				[org.springframework.kafka.KafkaListenerEndpointContainer#0-retry-2000-0-C-1] o.s.k.l.KafkaMessageListenerContainer - notification-group-retry-2000: partitions revoked: [notification-topic-retry-2000-0]
2026-09-28 18:11:01.987 INFO 
				
				[org.springframework.kafka.KafkaListenerEndpointContainer#0-retry-8000-0-C-1] o.s.k.l.KafkaMessageListenerContainer - notification-group-retry-8000: partitions revoked: [notification-topic-retry-8000-0]
2026-09-28 18:11:01.987 INFO 
				
				[org.springframework.kafka.KafkaListenerEndpointContainer#0.DLT-0-C-1] o.s.k.l.KafkaMessageListenerContainer - notification-group.DLT: partitions revoked: [notification-topic.DLT-0]
2026-09-28 18:11:01.987 INFO 
				
				[org.springframework.kafka.KafkaListenerEndpointContainer#0-retry-4000-0-C-1] o.s.k.l.KafkaMessageListenerContainer - notification-group-retry-4000: partitions revoked: [notification-topic-retry-4000-0]
2026-09-28 18:11:01.987 INFO 
				
				[org.springframework.kafka.KafkaListenerEndpointContainer#0-0-C-1] o.s.k.l.KafkaMessageListenerContainer - notification-group: partitions revoked: [notification-topic-0, notification-topic-1, notification-topic-2]
2026-09-28 18:11:01.993 INFO 
				
				[org.springframework.kafka.KafkaListenerEndpointContainer#0-retry-8000-0-C-1] o.a.k.c.c.i.ConsumerCoordinator - [Consumer clientId=consumer-notification-group-retry-8000-2, groupId=notification-group-retry-8000] Member consumer-notification-group-retry-8000-2-c1aeddb3-b192-4185-abe5-80bd105d1aa0 sending LeaveGroup request to coordinator localhost:9092 (id: 2147483646 rack: null isFenced: false) due to the consumer unsubscribed from all topics
2026-09-28 18:11:01.993 INFO 
				
				[org.springframework.kafka.KafkaListenerEndpointContainer#0-retry-4000-0-C-1] o.a.k.c.c.i.ConsumerCoordinator - [Consumer clientId=consumer-notification-group-retry-4000-4, groupId=notification-group-retry-4000] Member consumer-notification-group-retry-4000-4-fdb2841e-3790-4ce1-bb8d-5a0c85eeeb7d sending LeaveGroup request to coordinator localhost:9092 (id: 2147483646 rack: null isFenced: false) due to the consumer unsubscribed from all topics
2026-09-28 18:11:01.993 INFO 
				
				[org.springframework.kafka.KafkaListenerEndpointContainer#0-retry-2000-0-C-1] o.a.k.c.c.i.ConsumerCoordinator - [Consumer clientId=consumer-notification-group-retry-2000-1, groupId=notification-group-retry-2000] Member consumer-notification-group-retry-2000-1-7d39bee3-a4e0-46c3-9a1c-d5e2e5dc9a21 sending LeaveGroup request to coordinator localhost:9092 (id: 2147483646 rack: null isFenced: false) due to the consumer unsubscribed from all topics
2026-09-28 18:11:01.993 INFO 
				
				[org.springframework.kafka.KafkaListenerEndpointContainer#0.DLT-0-C-1] o.a.k.c.c.i.ConsumerCoordinator - [Consumer clientId=consumer-notification-group.DLT-3, groupId=notification-group.DLT] Member consumer-notification-group.DLT-3-f87931af-f9b5-4cd3-9ff7-7d51a1cbd4cf sending LeaveGroup request to coordinator localhost:9092 (id: 2147483646 rack: null isFenced: false) due to the consumer unsubscribed from all topics
2026-09-28 18:11:01.993 INFO 
				
				[org.springframework.kafka.KafkaListenerEndpointContainer#0-0-C-1] o.a.k.c.c.i.ConsumerCoordinator - [Consumer clientId=consumer-notification-group-5, groupId=notification-group] Member consumer-notification-group-5-80fe16ab-3602-4b6d-99cf-087b97a2cf16 sending LeaveGroup request to coordinator localhost:9092 (id: 2147483646 rack: null isFenced: false) due to the consumer unsubscribed from all topics
2026-09-28 18:11:01.994 INFO 
				
				[org.springframework.kafka.KafkaListenerEndpointContainer#0-retry-2000-0-C-1] o.a.k.c.c.i.ConsumerCoordinator - [Consumer clientId=consumer-notification-group-retry-2000-1, groupId=notification-group-retry-2000] Resetting generation and member id due to: consumer pro-actively leaving the group
2026-09-28 18:11:01.994 INFO 
				
				[org.springframework.kafka.KafkaListenerEndpointContainer#0.DLT-0-C-1] o.a.k.c.c.i.ConsumerCoordinator - [Consumer clientId=consumer-notification-group.DLT-3, groupId=notification-group.DLT] Resetting generation and member id due to: consumer pro-actively leaving the group
2026-09-28 18:11:01.995 INFO 
				
				[org.springframework.kafka.KafkaListenerEndpointContainer#0-retry-2000-0-C-1] o.a.k.c.c.i.ConsumerCoordinator - [Consumer clientId=consumer-notification-group-retry-2000-1, groupId=notification-group-retry-2000] Request joining group due to: consumer pro-actively leaving the group
2026-09-28 18:11:01.994 INFO 
				
				[org.springframework.kafka.KafkaListenerEndpointContainer#0-retry-8000-0-C-1] o.a.k.c.c.i.ConsumerCoordinator - [Consumer clientId=consumer-notification-group-retry-8000-2, groupId=notification-group-retry-8000] Resetting generation and member id due to: consumer pro-actively leaving the group
2026-09-28 18:11:01.995 INFO 
				
				[org.springframework.kafka.KafkaListenerEndpointContainer#0.DLT-0-C-1] o.a.k.c.c.i.ConsumerCoordinator - [Consumer clientId=consumer-notification-group.DLT-3, groupId=notification-group.DLT] Request joining group due to: consumer pro-actively leaving the group
2026-09-28 18:11:01.995 INFO 
				
				[org.springframework.kafka.KafkaListenerEndpointContainer#0-retry-2000-0-C-1] o.a.k.c.c.i.ClassicKafkaConsumer - [Consumer clientId=consumer-notification-group-retry-2000-1, groupId=notification-group-retry-2000] Unsubscribed all topics or patterns and assigned partitions
2026-09-28 18:11:01.995 INFO 
				
				[org.springframework.kafka.KafkaListenerEndpointContainer#0.DLT-0-C-1] o.a.k.c.c.i.ClassicKafkaConsumer - [Consumer clientId=consumer-notification-group.DLT-3, groupId=notification-group.DLT] Unsubscribed all topics or patterns and assigned partitions
2026-09-28 18:11:01.995 INFO 
				
				[org.springframework.kafka.KafkaListenerEndpointContainer#0-retry-8000-0-C-1] o.a.k.c.c.i.ConsumerCoordinator - [Consumer clientId=consumer-notification-group-retry-8000-2, groupId=notification-group-retry-8000] Request joining group due to: consumer pro-actively leaving the group
2026-09-28 18:11:01.995 INFO 
				
				[org.springframework.kafka.KafkaListenerEndpointContainer#0-0-C-1] o.a.k.c.c.i.ConsumerCoordinator - [Consumer clientId=consumer-notification-group-5, groupId=notification-group] Resetting generation and member id due to: consumer pro-actively leaving the group
2026-09-28 18:11:01.996 INFO 
				
				[org.springframework.kafka.KafkaListenerEndpointContainer#0-retry-8000-0-C-1] o.a.k.c.c.i.ClassicKafkaConsumer - [Consumer clientId=consumer-notification-group-retry-8000-2, groupId=notification-group-retry-8000] Unsubscribed all topics or patterns and assigned partitions
2026-09-28 18:11:01.997 INFO 
				
				[org.springframework.kafka.KafkaListenerEndpointContainer#0-0-C-1] o.a.k.c.c.i.ConsumerCoordinator - [Consumer clientId=consumer-notification-group-5, groupId=notification-group] Request joining group due to: consumer pro-actively leaving the group
2026-09-28 18:11:01.996 INFO 
				
				[org.springframework.kafka.KafkaListenerEndpointContainer#0-retry-4000-0-C-1] o.a.k.c.c.i.ConsumerCoordinator - [Consumer clientId=consumer-notification-group-retry-4000-4, groupId=notification-group-retry-4000] Resetting generation and member id due to: consumer pro-actively leaving the group
2026-09-28 18:11:01.998 INFO 
				
				[org.springframework.kafka.KafkaListenerEndpointContainer#0-0-C-1] o.a.k.c.c.i.ClassicKafkaConsumer - [Consumer clientId=consumer-notification-group-5, groupId=notification-group] Unsubscribed all topics or patterns and assigned partitions
2026-09-28 18:11:01.998 INFO 
				
				[org.springframework.kafka.KafkaListenerEndpointContainer#0-retry-4000-0-C-1] o.a.k.c.c.i.ConsumerCoordinator - [Consumer clientId=consumer-notification-group-retry-4000-4, groupId=notification-group-retry-4000] Request joining group due to: consumer pro-actively leaving the group
2026-09-28 18:11:01.998 INFO 
				
				[org.springframework.kafka.KafkaListenerEndpointContainer#0-retry-4000-0-C-1] o.a.k.c.c.i.ClassicKafkaConsumer - [Consumer clientId=consumer-notification-group-retry-4000-4, groupId=notification-group-retry-4000] Unsubscribed all topics or patterns and assigned partitions
2026-09-28 18:11:02.004 INFO 
				
				[org.springframework.kafka.KafkaListenerEndpointContainer#0.DLT-0-C-1] o.a.k.c.c.i.ConsumerCoordinator - [Consumer clientId=consumer-notification-group.DLT-3, groupId=notification-group.DLT] Resetting generation and member id due to: consumer pro-actively leaving the group
2026-09-28 18:11:02.005 INFO 
				
				[org.springframework.kafka.KafkaListenerEndpointContainer#0.DLT-0-C-1] o.a.k.c.c.i.ConsumerCoordinator - [Consumer clientId=consumer-notification-group.DLT-3, groupId=notification-group.DLT] Request joining group due to: consumer pro-actively leaving the group
2026-09-28 18:11:02.005 INFO 
				
				[org.springframework.kafka.KafkaListenerEndpointContainer#0-retry-4000-0-C-1] o.a.k.c.c.i.ConsumerCoordinator - [Consumer clientId=consumer-notification-group-retry-4000-4, groupId=notification-group-retry-4000] Resetting generation and member id due to: consumer pro-actively leaving the group
2026-09-28 18:11:02.005 INFO 
				
				[org.springframework.kafka.KafkaListenerEndpointContainer#0-retry-4000-0-C-1] o.a.k.c.c.i.ConsumerCoordinator - [Consumer clientId=consumer-notification-group-retry-4000-4, groupId=notification-group-retry-4000] Request joining group due to: consumer pro-actively leaving the group
2026-09-28 18:11:02.006 INFO 
				
				[org.springframework.kafka.KafkaListenerEndpointContainer#0-retry-2000-0-C-1] o.a.k.c.c.i.ConsumerCoordinator - [Consumer clientId=consumer-notification-group-retry-2000-1, groupId=notification-group-retry-2000] Resetting generation and member id due to: consumer pro-actively leaving the group
2026-09-28 18:11:02.006 INFO 
				
				[org.springframework.kafka.KafkaListenerEndpointContainer#0-retry-2000-0-C-1] o.a.k.c.c.i.ConsumerCoordinator - [Consumer clientId=consumer-notification-group-retry-2000-1, groupId=notification-group-retry-2000] Request joining group due to: consumer pro-actively leaving the group
2026-09-28 18:11:02.006 INFO 
				
				[org.springframework.kafka.KafkaListenerEndpointContainer#0-retry-8000-0-C-1] o.a.k.c.c.i.ConsumerCoordinator - [Consumer clientId=consumer-notification-group-retry-8000-2, groupId=notification-group-retry-8000] Resetting generation and member id due to: consumer pro-actively leaving the group
2026-09-28 18:11:02.006 INFO 
				
				[org.springframework.kafka.KafkaListenerEndpointContainer#0-0-C-1] o.a.k.c.c.i.ConsumerCoordinator - [Consumer clientId=consumer-notification-group-5, groupId=notification-group] Resetting generation and member id due to: consumer pro-actively leaving the group
2026-09-28 18:11:02.007 INFO 
				
				[org.springframework.kafka.KafkaListenerEndpointContainer#0-retry-8000-0-C-1] o.a.k.c.c.i.ConsumerCoordinator - [Consumer clientId=consumer-notification-group-retry-8000-2, groupId=notification-group-retry-8000] Request joining group due to: consumer pro-actively leaving the group
2026-09-28 18:11:02.007 INFO 
				
				[org.springframework.kafka.KafkaListenerEndpointContainer#0-0-C-1] o.a.k.c.c.i.ConsumerCoordinator - [Consumer clientId=consumer-notification-group-5, groupId=notification-group] Request joining group due to: consumer pro-actively leaving the group
2026-09-28 18:11:02.037 INFO 
				
				[org.springframework.kafka.KafkaListenerEndpointContainer#0-retry-8000-0-C-1] o.a.kafka.common.metrics.Metrics - Metrics scheduler closed
2026-09-28 18:11:02.037 INFO 
				
				[org.springframework.kafka.KafkaListenerEndpointContainer#0-retry-8000-0-C-1] o.a.kafka.common.metrics.Metrics - Closing reporter org.apache.kafka.common.metrics.JmxReporter
2026-09-28 18:11:02.037 INFO 
				
				[org.springframework.kafka.KafkaListenerEndpointContainer#0-retry-4000-0-C-1] o.a.kafka.common.metrics.Metrics - Metrics scheduler closed
2026-09-28 18:11:02.037 INFO 
				
				[org.springframework.kafka.KafkaListenerEndpointContainer#0-retry-8000-0-C-1] o.a.kafka.common.metrics.Metrics - Closing reporter org.apache.kafka.common.telemetry.internals.ClientTelemetryReporter
2026-09-28 18:11:02.037 INFO 
				
				[org.springframework.kafka.KafkaListenerEndpointContainer#0-retry-4000-0-C-1] o.a.kafka.common.metrics.Metrics - Closing reporter org.apache.kafka.common.metrics.JmxReporter
2026-09-28 18:11:02.038 INFO 
				
				[org.springframework.kafka.KafkaListenerEndpointContainer#0-retry-8000-0-C-1] o.a.kafka.common.metrics.Metrics - Metrics reporters closed
2026-09-28 18:11:02.038 INFO 
				
				[org.springframework.kafka.KafkaListenerEndpointContainer#0-retry-4000-0-C-1] o.a.kafka.common.metrics.Metrics - Closing reporter org.apache.kafka.common.telemetry.internals.ClientTelemetryReporter
2026-09-28 18:11:02.038 INFO 
				
				[org.springframework.kafka.KafkaListenerEndpointContainer#0-retry-4000-0-C-1] o.a.kafka.common.metrics.Metrics - Metrics reporters closed
2026-09-28 18:11:02.055 INFO 
				
				[org.springframework.kafka.KafkaListenerEndpointContainer#0-retry-8000-0-C-1] o.a.kafka.common.utils.AppInfoParser - App info kafka.consumer for consumer-notification-group-retry-8000-2 unregistered
2026-09-28 18:11:02.056 INFO 
				
				[org.springframework.kafka.KafkaListenerEndpointContainer#0-retry-4000-0-C-1] o.a.kafka.common.utils.AppInfoParser - App info kafka.consumer for consumer-notification-group-retry-4000-4 unregistered
2026-09-28 18:11:02.057 INFO 
				
				[org.springframework.kafka.KafkaListenerEndpointContainer#0-retry-8000-0-C-1] o.s.k.l.KafkaMessageListenerContainer - notification-group-retry-8000: Consumer stopped
2026-09-28 18:11:02.057 INFO 
				
				[org.springframework.kafka.KafkaListenerEndpointContainer#0-retry-4000-0-C-1] o.s.k.l.KafkaMessageListenerContainer - notification-group-retry-4000: Consumer stopped
2026-09-28 18:11:02.230 INFO 
				
				[org.springframework.kafka.KafkaListenerEndpointContainer#0-retry-2000-0-C-1] o.a.kafka.common.metrics.Metrics - Metrics scheduler closed
2026-09-28 18:11:02.231 INFO 
				
				[org.springframework.kafka.KafkaListenerEndpointContainer#0-retry-2000-0-C-1] o.a.kafka.common.metrics.Metrics - Closing reporter org.apache.kafka.common.metrics.JmxReporter
2026-09-28 18:11:02.232 INFO 
				
				[org.springframework.kafka.KafkaListenerEndpointContainer#0-retry-2000-0-C-1] o.a.kafka.common.metrics.Metrics - Closing reporter org.apache.kafka.common.telemetry.internals.ClientTelemetryReporter
2026-09-28 18:11:02.233 INFO 
				
				[org.springframework.kafka.KafkaListenerEndpointContainer#0-retry-2000-0-C-1] o.a.kafka.common.metrics.Metrics - Metrics reporters closed
2026-09-28 18:11:02.240 INFO 
				
				[org.springframework.kafka.KafkaListenerEndpointContainer#0-retry-2000-0-C-1] o.a.kafka.common.utils.AppInfoParser - App info kafka.consumer for consumer-notification-group-retry-2000-1 unregistered
2026-09-28 18:11:02.241 INFO 
				
				[org.springframework.kafka.KafkaListenerEndpointContainer#0-retry-2000-0-C-1] o.s.k.l.KafkaMessageListenerContainer - notification-group-retry-2000: Consumer stopped
2026-09-28 18:11:02.314 INFO 
				
				[org.springframework.kafka.KafkaListenerEndpointContainer#0-0-C-1] o.a.kafka.common.metrics.Metrics - Metrics scheduler closed
2026-09-28 18:11:02.315 INFO 
				
				[org.springframework.kafka.KafkaListenerEndpointContainer#0-0-C-1] o.a.kafka.common.metrics.Metrics - Closing reporter org.apache.kafka.common.metrics.JmxReporter
2026-09-28 18:11:02.314 INFO 
				
				[org.springframework.kafka.KafkaListenerEndpointContainer#0.DLT-0-C-1] o.a.kafka.common.metrics.Metrics - Metrics scheduler closed
2026-09-28 18:11:02.315 INFO 
				
				[org.springframework.kafka.KafkaListenerEndpointContainer#0.DLT-0-C-1] o.a.kafka.common.metrics.Metrics - Closing reporter org.apache.kafka.common.metrics.JmxReporter
2026-09-28 18:11:02.316 INFO 
				
				[org.springframework.kafka.KafkaListenerEndpointContainer#0.DLT-0-C-1] o.a.kafka.common.metrics.Metrics - Closing reporter org.apache.kafka.common.telemetry.internals.ClientTelemetryReporter
2026-09-28 18:11:02.316 INFO 
				
				[org.springframework.kafka.KafkaListenerEndpointContainer#0.DLT-0-C-1] o.a.kafka.common.metrics.Metrics - Metrics reporters closed
2026-09-28 18:11:02.315 INFO 
				
				[org.springframework.kafka.KafkaListenerEndpointContainer#0-0-C-1] o.a.kafka.common.metrics.Metrics - Closing reporter org.apache.kafka.common.telemetry.internals.ClientTelemetryReporter
2026-09-28 18:11:02.322 INFO 
				
				[org.springframework.kafka.KafkaListenerEndpointContainer#0-0-C-1] o.a.kafka.common.metrics.Metrics - Metrics reporters closed
2026-09-28 18:11:02.325 INFO 
				
				[org.springframework.kafka.KafkaListenerEndpointContainer#0.DLT-0-C-1] o.a.kafka.common.utils.AppInfoParser - App info kafka.consumer for consumer-notification-group.DLT-3 unregistered
2026-09-28 18:11:02.325 INFO 
				
				[org.springframework.kafka.KafkaListenerEndpointContainer#0.DLT-0-C-1] o.s.k.l.KafkaMessageListenerContainer - notification-group.DLT: Consumer stopped
2026-09-28 18:11:02.332 INFO 
				
				[org.springframework.kafka.KafkaListenerEndpointContainer#0-0-C-1] o.a.kafka.common.utils.AppInfoParser - App info kafka.consumer for consumer-notification-group-5 unregistered
2026-09-28 18:11:02.332 INFO 
				
				[org.springframework.kafka.KafkaListenerEndpointContainer#0-0-C-1] o.s.k.l.KafkaMessageListenerContainer - notification-group: Consumer stopped
2026-09-28 18:11:02.340 INFO 
				
				[RMI TCP Connection(6)-10.92.45.245] o.s.boot.tomcat.GracefulShutdown - Commencing graceful shutdown. Waiting for active requests to complete
2026-09-28 18:11:02.347 INFO 
				
				[tomcat-shutdown] o.a.coyote.http11.Http11NioProtocol - Pausing ProtocolHandler ["http-nio-8082"]
2026-09-28 18:11:02.460 INFO 
				
				[tomcat-shutdown] o.s.boot.tomcat.GracefulShutdown - Graceful shutdown complete
2026-09-28 18:11:02.461 INFO 
				
				[RMI TCP Connection(6)-10.92.45.245] o.a.coyote.http11.Http11NioProtocol - Stopping ProtocolHandler ["http-nio-8082"]
2026-09-28 18:11:02.471 INFO 
				
				[RMI TCP Connection(6)-10.92.45.245] o.s.o.j.LocalContainerEntityManagerFactoryBean - Closing JPA EntityManagerFactory for persistence unit 'default'
2026-09-28 18:11:02.475 INFO 
				
				[RMI TCP Connection(6)-10.92.45.245] com.zaxxer.hikari.HikariDataSource - PersonHikariPool - Shutdown initiated...
2026-09-28 18:11:02.485 INFO 
				
				[RMI TCP Connection(6)-10.92.45.245] com.zaxxer.hikari.HikariDataSource - PersonHikariPool - Shutdown completed.
2026-09-28 18:11:16.588 INFO 
				
				[main] c.k.m.MicroserviceNotificationConsumerApplication - Starting MicroserviceNotificationConsumerApplication using Java 17.0.12 with PID 8808 (D:\Project Development\My-github\spring-boot-microservices-kafka-integration\microservice-notification-consumer\target\classes started by Vishnu Katpure in D:\Project Development\My-github\spring-boot-microservices-kafka-integration\microservice-notification-consumer)
2026-09-28 18:11:16.599 INFO 
				
				[main] c.k.m.MicroserviceNotificationConsumerApplication - No active profile set, falling back to 1 default profile: "default"
2026-09-28 18:11:17.870 INFO 
				
				[main] o.s.d.r.c.RepositoryConfigurationDelegate - Bootstrapping Spring Data JPA repositories in DEFAULT mode.
2026-09-28 18:11:17.974 INFO 
				
				[main] o.s.d.r.c.RepositoryConfigurationDelegate - Finished Spring Data repository scanning in 69 ms. Found 1 JPA repository interface.
2026-09-28 18:11:18.783 INFO 
				
				[main] o.s.boot.tomcat.TomcatWebServer - Tomcat initialized with port 8082 (http)
2026-09-28 18:11:18.830 INFO 
				
				[main] o.a.coyote.http11.Http11NioProtocol - Initializing ProtocolHandler ["http-nio-8082"]
2026-09-28 18:11:18.836 INFO 
				
				[main] o.a.catalina.core.StandardService - Starting service [Tomcat]
2026-09-28 18:11:18.839 INFO 
				
				[main] o.a.catalina.core.StandardEngine - Starting Servlet engine: [Apache Tomcat/11.0.22]
2026-09-28 18:11:19.155 INFO 
				
				[main] o.s.b.w.c.s.WebApplicationContextInitializer - Root WebApplicationContext: initialization completed in 2477 ms
2026-09-28 18:11:19.654 INFO 
				
				[main] org.hibernate.orm.jpa - HHH008540: Processing PersistenceUnitInfo [name: default]
2026-09-28 18:11:19.773 INFO 
				
				[main] org.hibernate.orm.core - HHH000001: Hibernate ORM core version 7.4.1.Final
2026-09-28 18:11:20.259 INFO 
				
				[main] o.s.o.j.p.SpringPersistenceUnitInfo - No LoadTimeWeaver setup: ignoring JPA class transformer
2026-09-28 18:11:20.284 INFO 
				
				[main] com.zaxxer.hikari.HikariDataSource - PersonHikariPool - Starting...
2026-09-28 18:11:20.422 INFO 
				
				[main] com.zaxxer.hikari.pool.HikariPool - PersonHikariPool - Added connection com.mysql.cj.jdbc.ConnectionImpl@c2e33
2026-09-28 18:11:20.424 INFO 
				
				[main] com.zaxxer.hikari.HikariDataSource - PersonHikariPool - Start completed.
2026-09-28 18:11:20.467 WARN 
				
				[main] org.hibernate.orm.deprecation - HHH90000025: MySQLDialect does not need to be specified explicitly using 'hibernate.dialect' (remove the property setting and it will be selected by default)
2026-09-28 18:11:20.481 INFO 
				
				[main] o.hibernate.orm.connections.pooling - HHH10001005: Database info:
	Database JDBC URL [jdbc:mysql://localhost:3306/demo?allowPublicKeyRetrieval=true&useSSL=false&serverTimezone=UTC]
	Database driver: MySQL Connector/J
	Database dialect: MySQLDialect
	Database version: 8.0.15
	Default catalog/schema: demo/undefined
	Autocommit mode: undefined/unknown
	Isolation level: REPEATABLE_READ [default REPEATABLE_READ]
	JDBC fetch size: none
	Pool: DataSourceConnectionProvider
	Minimum pool size: undefined/unknown
	Maximum pool size: undefined/unknown
2026-09-28 18:11:21.101 INFO 
				
				[main] org.hibernate.orm.core - HHH000182: No default (no-argument) constructor for class [com.kafka.microservice_notification_consumer.model.ProcessedEvent] (class must be instantiated by Interceptor)
2026-09-28 18:11:21.224 INFO 
				
				[main] org.hibernate.orm.core - HHH000489: No JTA platform available (set 'hibernate.transaction.jta.platform' to enable JTA platform integration)
2026-09-28 18:11:21.275 INFO 
				
				[main] o.s.o.j.LocalContainerEntityManagerFactoryBean - Initialized JPA EntityManagerFactory for persistence unit 'default'
2026-09-28 18:11:21.389 INFO 
				
				[main] o.s.d.j.r.q.QueryEnhancerFactories - Hibernate is in classpath; If applicable, HQL parser will be used.
2026-09-28 18:11:21.660 WARN 
				
				[main] o.s.b.j.a.JpaBaseConfiguration$JpaWebConfiguration - spring.jpa.open-in-view is enabled by default. Therefore, database queries may be performed during view rendering. Explicitly configure spring.jpa.open-in-view to disable this warning
2026-09-28 18:11:21.916 INFO 
				
				[main] o.a.k.common.config.AbstractConfig - AdminClientConfig values: 
	bootstrap.controllers = []
	bootstrap.servers = [localhost:9092]
	client.dns.lookup = use_all_dns_ips
	client.id = microservice-notification-consumer-admin-0
	config.providers = []
	connections.max.idle.ms = 300000
	default.api.timeout.ms = 60000
	enable.metrics.push = false
	metadata.max.age.ms = 300000
	metadata.recovery.rebootstrap.trigger.ms = 300000
	metadata.recovery.strategy = rebootstrap
	metric.reporters = [org.apache.kafka.common.metrics.JmxReporter]
	metrics.num.samples = 2
	metrics.recording.level = INFO
	metrics.sample.window.ms = 30000
	receive.buffer.bytes = 65536
	reconnect.backoff.max.ms = 1000
	reconnect.backoff.ms = 50
	request.timeout.ms = 30000
	retries = 2147483647
	retry.backoff.max.ms = 1000
	retry.backoff.ms = 100
	sasl.client.callback.handler.class = null
	sasl.jaas.config = null
	sasl.kerberos.kinit.cmd = /usr/bin/kinit
	sasl.kerberos.min.time.before.relogin = 60000
	sasl.kerberos.service.name = null
	sasl.kerberos.ticket.renew.jitter = 0.05
	sasl.kerberos.ticket.renew.window.factor = 0.8
	sasl.login.callback.handler.class = null
	sasl.login.class = null
	sasl.login.connect.timeout.ms = null
	sasl.login.read.timeout.ms = null
	sasl.login.refresh.buffer.seconds = 300
	sasl.login.refresh.min.period.seconds = 60
	sasl.login.refresh.window.factor = 0.8
	sasl.login.refresh.window.jitter = 0.05
	sasl.login.retry.backoff.max.ms = 10000
	sasl.login.retry.backoff.ms = 100
	sasl.mechanism = GSSAPI
	sasl.oauthbearer.assertion.algorithm = RS256
	sasl.oauthbearer.assertion.claim.aud = null
	sasl.oauthbearer.assertion.claim.exp.seconds = 300
	sasl.oauthbearer.assertion.claim.iss = null
	sasl.oauthbearer.assertion.claim.jti.include = false
	sasl.oauthbearer.assertion.claim.nbf.seconds = 60
	sasl.oauthbearer.assertion.claim.sub = null
	sasl.oauthbearer.assertion.file = null
	sasl.oauthbearer.assertion.private.key.file = null
	sasl.oauthbearer.assertion.private.key.passphrase = null
	sasl.oauthbearer.assertion.template.file = null
	sasl.oauthbearer.client.credentials.client.id = null
	sasl.oauthbearer.client.credentials.client.secret = null
	sasl.oauthbearer.clock.skew.seconds = 30
	sasl.oauthbearer.expected.audience = []
	sasl.oauthbearer.expected.issuer = null
	sasl.oauthbearer.header.urlencode = false
	sasl.oauthbearer.jwks.endpoint.refresh.ms = 3600000
	sasl.oauthbearer.jwks.endpoint.retry.backoff.max.ms = 10000
	sasl.oauthbearer.jwks.endpoint.retry.backoff.ms = 100
	sasl.oauthbearer.jwks.endpoint.url = null
	sasl.oauthbearer.jwt.retriever.class = class org.apache.kafka.common.security.oauthbearer.DefaultJwtRetriever
	sasl.oauthbearer.jwt.validator.class = class org.apache.kafka.common.security.oauthbearer.DefaultJwtValidator
	sasl.oauthbearer.scope = null
	sasl.oauthbearer.scope.claim.name = scope
	sasl.oauthbearer.sub.claim.name = sub
	sasl.oauthbearer.token.endpoint.url = null
	security.protocol = PLAINTEXT
	security.providers = null
	send.buffer.bytes = 131072
	socket.connection.setup.timeout.max.ms = 30000
	socket.connection.setup.timeout.ms = 10000
	ssl.cipher.suites = []
	ssl.enabled.protocols = [TLSv1.2, TLSv1.3]
	ssl.endpoint.identification.algorithm = https
	ssl.engine.factory.class = null
	ssl.key.password = null
	ssl.keymanager.algorithm = SunX509
	ssl.keystore.certificate.chain = null
	ssl.keystore.key = null
	ssl.keystore.location = null
	ssl.keystore.password = null
	ssl.keystore.type = JKS
	ssl.protocol = TLSv1.3
	ssl.provider = null
	ssl.secure.random.implementation = null
	ssl.trustmanager.algorithm = PKIX
	ssl.truststore.certificates = null
	ssl.truststore.location = null
	ssl.truststore.password = null
	ssl.truststore.type = JKS

2026-09-28 18:11:21.961 INFO 
				
				[main] o.a.kafka.common.utils.AppInfoParser - Kafka version: 4.2.1
2026-09-28 18:11:21.962 INFO 
				
				[main] o.a.kafka.common.utils.AppInfoParser - Kafka commitId: 92f61c44867f39dc
2026-09-28 18:11:21.962 INFO 
				
				[main] o.a.kafka.common.utils.AppInfoParser - Kafka startTimeMs: 1790599281960
2026-09-28 18:11:22.226 INFO 
				
				[main] o.s.kafka.core.KafkaAdmin - Topic 'notification-topic' exists but has a different partition count: 3 not 1
2026-09-28 18:11:22.227 INFO 
				
				[main] o.a.kafka.common.metrics.Metrics - Metrics scheduler closed
2026-09-28 18:11:22.227 INFO 
				
				[main] o.a.kafka.common.metrics.Metrics - Closing reporter org.apache.kafka.common.metrics.JmxReporter
2026-09-28 18:11:22.227 INFO 
				
				[main] o.a.kafka.common.metrics.Metrics - Metrics reporters closed
2026-09-28 18:11:22.228 INFO 
				
				[kafka-admin-client-thread | microservice-notification-consumer-admin-0] o.a.kafka.common.utils.AppInfoParser - App info kafka.admin.client for microservice-notification-consumer-admin-0 unregistered
2026-09-28 18:11:22.233 INFO 
				
				[kafka-admin-client-thread | microservice-notification-consumer-admin-0] o.a.kafka.common.metrics.Metrics - Metrics scheduler closed
2026-09-28 18:11:22.233 INFO 
				
				[kafka-admin-client-thread | microservice-notification-consumer-admin-0] o.a.kafka.common.metrics.Metrics - Closing reporter org.apache.kafka.common.metrics.JmxReporter
2026-09-28 18:11:22.233 INFO 
				
				[kafka-admin-client-thread | microservice-notification-consumer-admin-0] o.a.kafka.common.metrics.Metrics - Metrics reporters closed
2026-09-28 18:11:22.239 INFO 
				
				[main] o.a.coyote.http11.Http11NioProtocol - Starting ProtocolHandler ["http-nio-8082"]
2026-09-28 18:11:22.251 INFO 
				
				[main] o.s.boot.tomcat.TomcatWebServer - Tomcat started on port 8082 (http) with context path '/'
2026-09-28 18:11:22.278 INFO 
				
				[main] o.a.k.common.config.AbstractConfig - ConsumerConfig values: 
	allow.auto.create.topics = true
	auto.commit.interval.ms = 5000
	auto.offset.reset = earliest
	bootstrap.servers = [localhost:9092]
	check.crcs = true
	client.dns.lookup = use_all_dns_ips
	client.id = consumer-notification-group-retry-2000-1
	client.rack = 
	config.providers = []
	connections.max.idle.ms = 540000
	default.api.timeout.ms = 60000
	enable.auto.commit = false
	enable.metrics.push = true
	exclude.internal.topics = true
	fetch.max.bytes = 52428800
	fetch.max.wait.ms = 500
	fetch.min.bytes = 1
	group.id = notification-group-retry-2000
	group.instance.id = null
	group.protocol = classic
	group.remote.assignor = null
	heartbeat.interval.ms = 3000
	interceptor.classes = []
	internal.throw.on.fetch.stable.offset.unsupported = false
	isolation.level = read_uncommitted
	key.deserializer = class org.apache.kafka.common.serialization.LongDeserializer
	max.partition.fetch.bytes = 1048576
	max.poll.interval.ms = 300000
	max.poll.records = 500
	metadata.max.age.ms = 300000
	metadata.recovery.rebootstrap.trigger.ms = 300000
	metadata.recovery.strategy = rebootstrap
	metric.reporters = [org.apache.kafka.common.metrics.JmxReporter]
	metrics.num.samples = 2
	metrics.recording.level = INFO
	metrics.sample.window.ms = 30000
	partition.assignment.strategy = [class org.apache.kafka.clients.consumer.RangeAssignor, class org.apache.kafka.clients.consumer.CooperativeStickyAssignor]
	receive.buffer.bytes = 65536
	reconnect.backoff.max.ms = 1000
	reconnect.backoff.ms = 50
	request.timeout.ms = 30000
	retry.backoff.max.ms = 1000
	retry.backoff.ms = 100
	sasl.client.callback.handler.class = null
	sasl.jaas.config = null
	sasl.kerberos.kinit.cmd = /usr/bin/kinit
	sasl.kerberos.min.time.before.relogin = 60000
	sasl.kerberos.service.name = null
	sasl.kerberos.ticket.renew.jitter = 0.05
	sasl.kerberos.ticket.renew.window.factor = 0.8
	sasl.login.callback.handler.class = null
	sasl.login.class = null
	sasl.login.connect.timeout.ms = null
	sasl.login.read.timeout.ms = null
	sasl.login.refresh.buffer.seconds = 300
	sasl.login.refresh.min.period.seconds = 60
	sasl.login.refresh.window.factor = 0.8
	sasl.login.refresh.window.jitter = 0.05
	sasl.login.retry.backoff.max.ms = 10000
	sasl.login.retry.backoff.ms = 100
	sasl.mechanism = GSSAPI
	sasl.oauthbearer.assertion.algorithm = RS256
	sasl.oauthbearer.assertion.claim.aud = null
	sasl.oauthbearer.assertion.claim.exp.seconds = 300
	sasl.oauthbearer.assertion.claim.iss = null
	sasl.oauthbearer.assertion.claim.jti.include = false
	sasl.oauthbearer.assertion.claim.nbf.seconds = 60
	sasl.oauthbearer.assertion.claim.sub = null
	sasl.oauthbearer.assertion.file = null
	sasl.oauthbearer.assertion.private.key.file = null
	sasl.oauthbearer.assertion.private.key.passphrase = null
	sasl.oauthbearer.assertion.template.file = null
	sasl.oauthbearer.client.credentials.client.id = null
	sasl.oauthbearer.client.credentials.client.secret = null
	sasl.oauthbearer.clock.skew.seconds = 30
	sasl.oauthbearer.expected.audience = []
	sasl.oauthbearer.expected.issuer = null
	sasl.oauthbearer.header.urlencode = false
	sasl.oauthbearer.jwks.endpoint.refresh.ms = 3600000
	sasl.oauthbearer.jwks.endpoint.retry.backoff.max.ms = 10000
	sasl.oauthbearer.jwks.endpoint.retry.backoff.ms = 100
	sasl.oauthbearer.jwks.endpoint.url = null
	sasl.oauthbearer.jwt.retriever.class = class org.apache.kafka.common.security.oauthbearer.DefaultJwtRetriever
	sasl.oauthbearer.jwt.validator.class = class org.apache.kafka.common.security.oauthbearer.DefaultJwtValidator
	sasl.oauthbearer.scope = null
	sasl.oauthbearer.scope.claim.name = scope
	sasl.oauthbearer.sub.claim.name = sub
	sasl.oauthbearer.token.endpoint.url = null
	security.protocol = PLAINTEXT
	security.providers = null
	send.buffer.bytes = 131072
	session.timeout.ms = 45000
	share.acknowledgement.mode = implicit
	share.acquire.mode = BATCH_OPTIMIZED
	socket.connection.setup.timeout.max.ms = 30000
	socket.connection.setup.timeout.ms = 10000
	ssl.cipher.suites = []
	ssl.enabled.protocols = [TLSv1.2, TLSv1.3]
	ssl.endpoint.identification.algorithm = https
	ssl.engine.factory.class = null
	ssl.key.password = null
	ssl.keymanager.algorithm = SunX509
	ssl.keystore.certificate.chain = null
	ssl.keystore.key = null
	ssl.keystore.location = null
	ssl.keystore.password = null
	ssl.keystore.type = JKS
	ssl.protocol = TLSv1.3
	ssl.provider = null
	ssl.secure.random.implementation = null
	ssl.trustmanager.algorithm = PKIX
	ssl.truststore.certificates = null
	ssl.truststore.location = null
	ssl.truststore.password = null
	ssl.truststore.type = JKS
	value.deserializer = class org.apache.kafka.common.serialization.StringDeserializer

2026-09-28 18:11:22.314 INFO 
				
				[main] o.a.k.c.t.i.KafkaMetricsCollector - initializing Kafka metrics collector
2026-09-28 18:11:22.361 INFO 
				
				[main] o.a.kafka.common.utils.AppInfoParser - Kafka version: 4.2.1
2026-09-28 18:11:22.361 INFO 
				
				[main] o.a.kafka.common.utils.AppInfoParser - Kafka commitId: 92f61c44867f39dc
2026-09-28 18:11:22.361 INFO 
				
				[main] o.a.kafka.common.utils.AppInfoParser - Kafka startTimeMs: 1790599282361
2026-09-28 18:11:22.363 INFO 
				
				[main] o.a.k.c.c.i.ClassicKafkaConsumer - [Consumer clientId=consumer-notification-group-retry-2000-1, groupId=notification-group-retry-2000] Subscribed to topic(s): notification-topic-retry-2000
2026-09-28 18:11:22.368 INFO 
				
				[main] o.a.k.common.config.AbstractConfig - ConsumerConfig values: 
	allow.auto.create.topics = true
	auto.commit.interval.ms = 5000
	auto.offset.reset = earliest
	bootstrap.servers = [localhost:9092]
	check.crcs = true
	client.dns.lookup = use_all_dns_ips
	client.id = consumer-notification-group-retry-8000-2
	client.rack = 
	config.providers = []
	connections.max.idle.ms = 540000
	default.api.timeout.ms = 60000
	enable.auto.commit = false
	enable.metrics.push = true
	exclude.internal.topics = true
	fetch.max.bytes = 52428800
	fetch.max.wait.ms = 500
	fetch.min.bytes = 1
	group.id = notification-group-retry-8000
	group.instance.id = null
	group.protocol = classic
	group.remote.assignor = null
	heartbeat.interval.ms = 3000
	interceptor.classes = []
	internal.throw.on.fetch.stable.offset.unsupported = false
	isolation.level = read_uncommitted
	key.deserializer = class org.apache.kafka.common.serialization.LongDeserializer
	max.partition.fetch.bytes = 1048576
	max.poll.interval.ms = 300000
	max.poll.records = 500
	metadata.max.age.ms = 300000
	metadata.recovery.rebootstrap.trigger.ms = 300000
	metadata.recovery.strategy = rebootstrap
	metric.reporters = [org.apache.kafka.common.metrics.JmxReporter]
	metrics.num.samples = 2
	metrics.recording.level = INFO
	metrics.sample.window.ms = 30000
	partition.assignment.strategy = [class org.apache.kafka.clients.consumer.RangeAssignor, class org.apache.kafka.clients.consumer.CooperativeStickyAssignor]
	receive.buffer.bytes = 65536
	reconnect.backoff.max.ms = 1000
	reconnect.backoff.ms = 50
	request.timeout.ms = 30000
	retry.backoff.max.ms = 1000
	retry.backoff.ms = 100
	sasl.client.callback.handler.class = null
	sasl.jaas.config = null
	sasl.kerberos.kinit.cmd = /usr/bin/kinit
	sasl.kerberos.min.time.before.relogin = 60000
	sasl.kerberos.service.name = null
	sasl.kerberos.ticket.renew.jitter = 0.05
	sasl.kerberos.ticket.renew.window.factor = 0.8
	sasl.login.callback.handler.class = null
	sasl.login.class = null
	sasl.login.connect.timeout.ms = null
	sasl.login.read.timeout.ms = null
	sasl.login.refresh.buffer.seconds = 300
	sasl.login.refresh.min.period.seconds = 60
	sasl.login.refresh.window.factor = 0.8
	sasl.login.refresh.window.jitter = 0.05
	sasl.login.retry.backoff.max.ms = 10000
	sasl.login.retry.backoff.ms = 100
	sasl.mechanism = GSSAPI
	sasl.oauthbearer.assertion.algorithm = RS256
	sasl.oauthbearer.assertion.claim.aud = null
	sasl.oauthbearer.assertion.claim.exp.seconds = 300
	sasl.oauthbearer.assertion.claim.iss = null
	sasl.oauthbearer.assertion.claim.jti.include = false
	sasl.oauthbearer.assertion.claim.nbf.seconds = 60
	sasl.oauthbearer.assertion.claim.sub = null
	sasl.oauthbearer.assertion.file = null
	sasl.oauthbearer.assertion.private.key.file = null
	sasl.oauthbearer.assertion.private.key.passphrase = null
	sasl.oauthbearer.assertion.template.file = null
	sasl.oauthbearer.client.credentials.client.id = null
	sasl.oauthbearer.client.credentials.client.secret = null
	sasl.oauthbearer.clock.skew.seconds = 30
	sasl.oauthbearer.expected.audience = []
	sasl.oauthbearer.expected.issuer = null
	sasl.oauthbearer.header.urlencode = false
	sasl.oauthbearer.jwks.endpoint.refresh.ms = 3600000
	sasl.oauthbearer.jwks.endpoint.retry.backoff.max.ms = 10000
	sasl.oauthbearer.jwks.endpoint.retry.backoff.ms = 100
	sasl.oauthbearer.jwks.endpoint.url = null
	sasl.oauthbearer.jwt.retriever.class = class org.apache.kafka.common.security.oauthbearer.DefaultJwtRetriever
	sasl.oauthbearer.jwt.validator.class = class org.apache.kafka.common.security.oauthbearer.DefaultJwtValidator
	sasl.oauthbearer.scope = null
	sasl.oauthbearer.scope.claim.name = scope
	sasl.oauthbearer.sub.claim.name = sub
	sasl.oauthbearer.token.endpoint.url = null
	security.protocol = PLAINTEXT
	security.providers = null
	send.buffer.bytes = 131072
	session.timeout.ms = 45000
	share.acknowledgement.mode = implicit
	share.acquire.mode = BATCH_OPTIMIZED
	socket.connection.setup.timeout.max.ms = 30000
	socket.connection.setup.timeout.ms = 10000
	ssl.cipher.suites = []
	ssl.enabled.protocols = [TLSv1.2, TLSv1.3]
	ssl.endpoint.identification.algorithm = https
	ssl.engine.factory.class = null
	ssl.key.password = null
	ssl.keymanager.algorithm = SunX509
	ssl.keystore.certificate.chain = null
	ssl.keystore.key = null
	ssl.keystore.location = null
	ssl.keystore.password = null
	ssl.keystore.type = JKS
	ssl.protocol = TLSv1.3
	ssl.provider = null
	ssl.secure.random.implementation = null
	ssl.trustmanager.algorithm = PKIX
	ssl.truststore.certificates = null
	ssl.truststore.location = null
	ssl.truststore.password = null
	ssl.truststore.type = JKS
	value.deserializer = class org.apache.kafka.common.serialization.StringDeserializer

2026-09-28 18:11:22.369 INFO 
				
				[main] o.a.k.c.t.i.KafkaMetricsCollector - initializing Kafka metrics collector
2026-09-28 18:11:22.380 INFO 
				
				[main] o.a.kafka.common.utils.AppInfoParser - Kafka version: 4.2.1
2026-09-28 18:11:22.381 INFO 
				
				[main] o.a.kafka.common.utils.AppInfoParser - Kafka commitId: 92f61c44867f39dc
2026-09-28 18:11:22.381 INFO 
				
				[main] o.a.kafka.common.utils.AppInfoParser - Kafka startTimeMs: 1790599282380
2026-09-28 18:11:22.381 INFO 
				
				[main] o.a.k.c.c.i.ClassicKafkaConsumer - [Consumer clientId=consumer-notification-group-retry-8000-2, groupId=notification-group-retry-8000] Subscribed to topic(s): notification-topic-retry-8000
2026-09-28 18:11:22.385 INFO 
				
				[main] o.a.k.common.config.AbstractConfig - ConsumerConfig values: 
	allow.auto.create.topics = true
	auto.commit.interval.ms = 5000
	auto.offset.reset = earliest
	bootstrap.servers = [localhost:9092]
	check.crcs = true
	client.dns.lookup = use_all_dns_ips
	client.id = consumer-notification-group.DLT-3
	client.rack = 
	config.providers = []
	connections.max.idle.ms = 540000
	default.api.timeout.ms = 60000
	enable.auto.commit = false
	enable.metrics.push = true
	exclude.internal.topics = true
	fetch.max.bytes = 52428800
	fetch.max.wait.ms = 500
	fetch.min.bytes = 1
	group.id = notification-group.DLT
	group.instance.id = null
	group.protocol = classic
	group.remote.assignor = null
	heartbeat.interval.ms = 3000
	interceptor.classes = []
	internal.throw.on.fetch.stable.offset.unsupported = false
	isolation.level = read_uncommitted
	key.deserializer = class org.apache.kafka.common.serialization.LongDeserializer
	max.partition.fetch.bytes = 1048576
	max.poll.interval.ms = 300000
	max.poll.records = 500
	metadata.max.age.ms = 300000
	metadata.recovery.rebootstrap.trigger.ms = 300000
	metadata.recovery.strategy = rebootstrap
	metric.reporters = [org.apache.kafka.common.metrics.JmxReporter]
	metrics.num.samples = 2
	metrics.recording.level = INFO
	metrics.sample.window.ms = 30000
	partition.assignment.strategy = [class org.apache.kafka.clients.consumer.RangeAssignor, class org.apache.kafka.clients.consumer.CooperativeStickyAssignor]
	receive.buffer.bytes = 65536
	reconnect.backoff.max.ms = 1000
	reconnect.backoff.ms = 50
	request.timeout.ms = 30000
	retry.backoff.max.ms = 1000
	retry.backoff.ms = 100
	sasl.client.callback.handler.class = null
	sasl.jaas.config = null
	sasl.kerberos.kinit.cmd = /usr/bin/kinit
	sasl.kerberos.min.time.before.relogin = 60000
	sasl.kerberos.service.name = null
	sasl.kerberos.ticket.renew.jitter = 0.05
	sasl.kerberos.ticket.renew.window.factor = 0.8
	sasl.login.callback.handler.class = null
	sasl.login.class = null
	sasl.login.connect.timeout.ms = null
	sasl.login.read.timeout.ms = null
	sasl.login.refresh.buffer.seconds = 300
	sasl.login.refresh.min.period.seconds = 60
	sasl.login.refresh.window.factor = 0.8
	sasl.login.refresh.window.jitter = 0.05
	sasl.login.retry.backoff.max.ms = 10000
	sasl.login.retry.backoff.ms = 100
	sasl.mechanism = GSSAPI
	sasl.oauthbearer.assertion.algorithm = RS256
	sasl.oauthbearer.assertion.claim.aud = null
	sasl.oauthbearer.assertion.claim.exp.seconds = 300
	sasl.oauthbearer.assertion.claim.iss = null
	sasl.oauthbearer.assertion.claim.jti.include = false
	sasl.oauthbearer.assertion.claim.nbf.seconds = 60
	sasl.oauthbearer.assertion.claim.sub = null
	sasl.oauthbearer.assertion.file = null
	sasl.oauthbearer.assertion.private.key.file = null
	sasl.oauthbearer.assertion.private.key.passphrase = null
	sasl.oauthbearer.assertion.template.file = null
	sasl.oauthbearer.client.credentials.client.id = null
	sasl.oauthbearer.client.credentials.client.secret = null
	sasl.oauthbearer.clock.skew.seconds = 30
	sasl.oauthbearer.expected.audience = []
	sasl.oauthbearer.expected.issuer = null
	sasl.oauthbearer.header.urlencode = false
	sasl.oauthbearer.jwks.endpoint.refresh.ms = 3600000
	sasl.oauthbearer.jwks.endpoint.retry.backoff.max.ms = 10000
	sasl.oauthbearer.jwks.endpoint.retry.backoff.ms = 100
	sasl.oauthbearer.jwks.endpoint.url = null
	sasl.oauthbearer.jwt.retriever.class = class org.apache.kafka.common.security.oauthbearer.DefaultJwtRetriever
	sasl.oauthbearer.jwt.validator.class = class org.apache.kafka.common.security.oauthbearer.DefaultJwtValidator
	sasl.oauthbearer.scope = null
	sasl.oauthbearer.scope.claim.name = scope
	sasl.oauthbearer.sub.claim.name = sub
	sasl.oauthbearer.token.endpoint.url = null
	security.protocol = PLAINTEXT
	security.providers = null
	send.buffer.bytes = 131072
	session.timeout.ms = 45000
	share.acknowledgement.mode = implicit
	share.acquire.mode = BATCH_OPTIMIZED
	socket.connection.setup.timeout.max.ms = 30000
	socket.connection.setup.timeout.ms = 10000
	ssl.cipher.suites = []
	ssl.enabled.protocols = [TLSv1.2, TLSv1.3]
	ssl.endpoint.identification.algorithm = https
	ssl.engine.factory.class = null
	ssl.key.password = null
	ssl.keymanager.algorithm = SunX509
	ssl.keystore.certificate.chain = null
	ssl.keystore.key = null
	ssl.keystore.location = null
	ssl.keystore.password = null
	ssl.keystore.type = JKS
	ssl.protocol = TLSv1.3
	ssl.provider = null
	ssl.secure.random.implementation = null
	ssl.trustmanager.algorithm = PKIX
	ssl.truststore.certificates = null
	ssl.truststore.location = null
	ssl.truststore.password = null
	ssl.truststore.type = JKS
	value.deserializer = class org.apache.kafka.common.serialization.StringDeserializer

2026-09-28 18:11:22.386 INFO 
				
				[main] o.a.k.c.t.i.KafkaMetricsCollector - initializing Kafka metrics collector
2026-09-28 18:11:22.393 INFO 
				
				[main] o.a.kafka.common.utils.AppInfoParser - Kafka version: 4.2.1
2026-09-28 18:11:22.394 INFO 
				
				[main] o.a.kafka.common.utils.AppInfoParser - Kafka commitId: 92f61c44867f39dc
2026-09-28 18:11:22.394 INFO 
				
				[main] o.a.kafka.common.utils.AppInfoParser - Kafka startTimeMs: 1790599282393
2026-09-28 18:11:22.394 INFO 
				
				[main] o.a.k.c.c.i.ClassicKafkaConsumer - [Consumer clientId=consumer-notification-group.DLT-3, groupId=notification-group.DLT] Subscribed to topic(s): notification-topic.DLT
2026-09-28 18:11:22.397 INFO 
				
				[main] o.a.k.common.config.AbstractConfig - ConsumerConfig values: 
	allow.auto.create.topics = true
	auto.commit.interval.ms = 5000
	auto.offset.reset = earliest
	bootstrap.servers = [localhost:9092]
	check.crcs = true
	client.dns.lookup = use_all_dns_ips
	client.id = consumer-notification-group-retry-4000-4
	client.rack = 
	config.providers = []
	connections.max.idle.ms = 540000
	default.api.timeout.ms = 60000
	enable.auto.commit = false
	enable.metrics.push = true
	exclude.internal.topics = true
	fetch.max.bytes = 52428800
	fetch.max.wait.ms = 500
	fetch.min.bytes = 1
	group.id = notification-group-retry-4000
	group.instance.id = null
	group.protocol = classic
	group.remote.assignor = null
	heartbeat.interval.ms = 3000
	interceptor.classes = []
	internal.throw.on.fetch.stable.offset.unsupported = false
	isolation.level = read_uncommitted
	key.deserializer = class org.apache.kafka.common.serialization.LongDeserializer
	max.partition.fetch.bytes = 1048576
	max.poll.interval.ms = 300000
	max.poll.records = 500
	metadata.max.age.ms = 300000
	metadata.recovery.rebootstrap.trigger.ms = 300000
	metadata.recovery.strategy = rebootstrap
	metric.reporters = [org.apache.kafka.common.metrics.JmxReporter]
	metrics.num.samples = 2
	metrics.recording.level = INFO
	metrics.sample.window.ms = 30000
	partition.assignment.strategy = [class org.apache.kafka.clients.consumer.RangeAssignor, class org.apache.kafka.clients.consumer.CooperativeStickyAssignor]
	receive.buffer.bytes = 65536
	reconnect.backoff.max.ms = 1000
	reconnect.backoff.ms = 50
	request.timeout.ms = 30000
	retry.backoff.max.ms = 1000
	retry.backoff.ms = 100
	sasl.client.callback.handler.class = null
	sasl.jaas.config = null
	sasl.kerberos.kinit.cmd = /usr/bin/kinit
	sasl.kerberos.min.time.before.relogin = 60000
	sasl.kerberos.service.name = null
	sasl.kerberos.ticket.renew.jitter = 0.05
	sasl.kerberos.ticket.renew.window.factor = 0.8
	sasl.login.callback.handler.class = null
	sasl.login.class = null
	sasl.login.connect.timeout.ms = null
	sasl.login.read.timeout.ms = null
	sasl.login.refresh.buffer.seconds = 300
	sasl.login.refresh.min.period.seconds = 60
	sasl.login.refresh.window.factor = 0.8
	sasl.login.refresh.window.jitter = 0.05
	sasl.login.retry.backoff.max.ms = 10000
	sasl.login.retry.backoff.ms = 100
	sasl.mechanism = GSSAPI
	sasl.oauthbearer.assertion.algorithm = RS256
	sasl.oauthbearer.assertion.claim.aud = null
	sasl.oauthbearer.assertion.claim.exp.seconds = 300
	sasl.oauthbearer.assertion.claim.iss = null
	sasl.oauthbearer.assertion.claim.jti.include = false
	sasl.oauthbearer.assertion.claim.nbf.seconds = 60
	sasl.oauthbearer.assertion.claim.sub = null
	sasl.oauthbearer.assertion.file = null
	sasl.oauthbearer.assertion.private.key.file = null
	sasl.oauthbearer.assertion.private.key.passphrase = null
	sasl.oauthbearer.assertion.template.file = null
	sasl.oauthbearer.client.credentials.client.id = null
	sasl.oauthbearer.client.credentials.client.secret = null
	sasl.oauthbearer.clock.skew.seconds = 30
	sasl.oauthbearer.expected.audience = []
	sasl.oauthbearer.expected.issuer = null
	sasl.oauthbearer.header.urlencode = false
	sasl.oauthbearer.jwks.endpoint.refresh.ms = 3600000
	sasl.oauthbearer.jwks.endpoint.retry.backoff.max.ms = 10000
	sasl.oauthbearer.jwks.endpoint.retry.backoff.ms = 100
	sasl.oauthbearer.jwks.endpoint.url = null
	sasl.oauthbearer.jwt.retriever.class = class org.apache.kafka.common.security.oauthbearer.DefaultJwtRetriever
	sasl.oauthbearer.jwt.validator.class = class org.apache.kafka.common.security.oauthbearer.DefaultJwtValidator
	sasl.oauthbearer.scope = null
	sasl.oauthbearer.scope.claim.name = scope
	sasl.oauthbearer.sub.claim.name = sub
	sasl.oauthbearer.token.endpoint.url = null
	security.protocol = PLAINTEXT
	security.providers = null
	send.buffer.bytes = 131072
	session.timeout.ms = 45000
	share.acknowledgement.mode = implicit
	share.acquire.mode = BATCH_OPTIMIZED
	socket.connection.setup.timeout.max.ms = 30000
	socket.connection.setup.timeout.ms = 10000
	ssl.cipher.suites = []
	ssl.enabled.protocols = [TLSv1.2, TLSv1.3]
	ssl.endpoint.identification.algorithm = https
	ssl.engine.factory.class = null
	ssl.key.password = null
	ssl.keymanager.algorithm = SunX509
	ssl.keystore.certificate.chain = null
	ssl.keystore.key = null
	ssl.keystore.location = null
	ssl.keystore.password = null
	ssl.keystore.type = JKS
	ssl.protocol = TLSv1.3
	ssl.provider = null
	ssl.secure.random.implementation = null
	ssl.trustmanager.algorithm = PKIX
	ssl.truststore.certificates = null
	ssl.truststore.location = null
	ssl.truststore.password = null
	ssl.truststore.type = JKS
	value.deserializer = class org.apache.kafka.common.serialization.StringDeserializer

2026-09-28 18:11:22.397 INFO 
				
				[main] o.a.k.c.t.i.KafkaMetricsCollector - initializing Kafka metrics collector
2026-09-28 18:11:22.399 INFO 
				
				[#0-retry-2000-0-C-1] org.apache.kafka.clients.Metadata - [Consumer clientId=consumer-notification-group-retry-2000-1, groupId=notification-group-retry-2000] Cluster ID: 5L6g3nShT-eMCtK--X86sw
2026-09-28 18:11:22.399 INFO 
				
				[#0-retry-8000-0-C-1] org.apache.kafka.clients.Metadata - [Consumer clientId=consumer-notification-group-retry-8000-2, groupId=notification-group-retry-8000] Cluster ID: 5L6g3nShT-eMCtK--X86sw
2026-09-28 18:11:22.405 INFO 
				
				[#0-retry-2000-0-C-1] o.a.k.c.c.i.ConsumerCoordinator - [Consumer clientId=consumer-notification-group-retry-2000-1, groupId=notification-group-retry-2000] Discovered group coordinator localhost:9092 (id: 2147483646 rack: null isFenced: false)
2026-09-28 18:11:22.405 INFO 
				
				[#0-retry-8000-0-C-1] o.a.k.c.c.i.ConsumerCoordinator - [Consumer clientId=consumer-notification-group-retry-8000-2, groupId=notification-group-retry-8000] Discovered group coordinator localhost:9092 (id: 2147483646 rack: null isFenced: false)
2026-09-28 18:11:22.406 INFO 
				
				[#0.DLT-0-C-1] org.apache.kafka.clients.Metadata - [Consumer clientId=consumer-notification-group.DLT-3, groupId=notification-group.DLT] Cluster ID: 5L6g3nShT-eMCtK--X86sw
2026-09-28 18:11:22.407 INFO 
				
				[main] o.a.kafka.common.utils.AppInfoParser - Kafka version: 4.2.1
2026-09-28 18:11:22.407 INFO 
				
				[main] o.a.kafka.common.utils.AppInfoParser - Kafka commitId: 92f61c44867f39dc
2026-09-28 18:11:22.408 INFO 
				
				[main] o.a.kafka.common.utils.AppInfoParser - Kafka startTimeMs: 1790599282407
2026-09-28 18:11:22.408 INFO 
				
				[#0.DLT-0-C-1] o.a.k.c.c.i.ConsumerCoordinator - [Consumer clientId=consumer-notification-group.DLT-3, groupId=notification-group.DLT] Discovered group coordinator localhost:9092 (id: 2147483646 rack: null isFenced: false)
2026-09-28 18:11:22.408 INFO 
				
				[main] o.a.k.c.c.i.ClassicKafkaConsumer - [Consumer clientId=consumer-notification-group-retry-4000-4, groupId=notification-group-retry-4000] Subscribed to topic(s): notification-topic-retry-4000
2026-09-28 18:11:22.409 INFO 
				
				[#0.DLT-0-C-1] o.a.k.c.c.i.ConsumerCoordinator - [Consumer clientId=consumer-notification-group.DLT-3, groupId=notification-group.DLT] (Re-)joining group
2026-09-28 18:11:22.409 INFO 
				
				[#0-retry-8000-0-C-1] o.a.k.c.c.i.ConsumerCoordinator - [Consumer clientId=consumer-notification-group-retry-8000-2, groupId=notification-group-retry-8000] (Re-)joining group
2026-09-28 18:11:22.409 INFO 
				
				[#0-retry-2000-0-C-1] o.a.k.c.c.i.ConsumerCoordinator - [Consumer clientId=consumer-notification-group-retry-2000-1, groupId=notification-group-retry-2000] (Re-)joining group
2026-09-28 18:11:22.411 INFO 
				
				[main] o.a.k.common.config.AbstractConfig - ConsumerConfig values: 
	allow.auto.create.topics = true
	auto.commit.interval.ms = 5000
	auto.offset.reset = earliest
	bootstrap.servers = [localhost:9092]
	check.crcs = true
	client.dns.lookup = use_all_dns_ips
	client.id = consumer-notification-group-5
	client.rack = 
	config.providers = []
	connections.max.idle.ms = 540000
	default.api.timeout.ms = 60000
	enable.auto.commit = false
	enable.metrics.push = true
	exclude.internal.topics = true
	fetch.max.bytes = 52428800
	fetch.max.wait.ms = 500
	fetch.min.bytes = 1
	group.id = notification-group
	group.instance.id = null
	group.protocol = classic
	group.remote.assignor = null
	heartbeat.interval.ms = 3000
	interceptor.classes = []
	internal.throw.on.fetch.stable.offset.unsupported = false
	isolation.level = read_uncommitted
	key.deserializer = class org.apache.kafka.common.serialization.LongDeserializer
	max.partition.fetch.bytes = 1048576
	max.poll.interval.ms = 300000
	max.poll.records = 500
	metadata.max.age.ms = 300000
	metadata.recovery.rebootstrap.trigger.ms = 300000
	metadata.recovery.strategy = rebootstrap
	metric.reporters = [org.apache.kafka.common.metrics.JmxReporter]
	metrics.num.samples = 2
	metrics.recording.level = INFO
	metrics.sample.window.ms = 30000
	partition.assignment.strategy = [class org.apache.kafka.clients.consumer.RangeAssignor, class org.apache.kafka.clients.consumer.CooperativeStickyAssignor]
	receive.buffer.bytes = 65536
	reconnect.backoff.max.ms = 1000
	reconnect.backoff.ms = 50
	request.timeout.ms = 30000
	retry.backoff.max.ms = 1000
	retry.backoff.ms = 100
	sasl.client.callback.handler.class = null
	sasl.jaas.config = null
	sasl.kerberos.kinit.cmd = /usr/bin/kinit
	sasl.kerberos.min.time.before.relogin = 60000
	sasl.kerberos.service.name = null
	sasl.kerberos.ticket.renew.jitter = 0.05
	sasl.kerberos.ticket.renew.window.factor = 0.8
	sasl.login.callback.handler.class = null
	sasl.login.class = null
	sasl.login.connect.timeout.ms = null
	sasl.login.read.timeout.ms = null
	sasl.login.refresh.buffer.seconds = 300
	sasl.login.refresh.min.period.seconds = 60
	sasl.login.refresh.window.factor = 0.8
	sasl.login.refresh.window.jitter = 0.05
	sasl.login.retry.backoff.max.ms = 10000
	sasl.login.retry.backoff.ms = 100
	sasl.mechanism = GSSAPI
	sasl.oauthbearer.assertion.algorithm = RS256
	sasl.oauthbearer.assertion.claim.aud = null
	sasl.oauthbearer.assertion.claim.exp.seconds = 300
	sasl.oauthbearer.assertion.claim.iss = null
	sasl.oauthbearer.assertion.claim.jti.include = false
	sasl.oauthbearer.assertion.claim.nbf.seconds = 60
	sasl.oauthbearer.assertion.claim.sub = null
	sasl.oauthbearer.assertion.file = null
	sasl.oauthbearer.assertion.private.key.file = null
	sasl.oauthbearer.assertion.private.key.passphrase = null
	sasl.oauthbearer.assertion.template.file = null
	sasl.oauthbearer.client.credentials.client.id = null
	sasl.oauthbearer.client.credentials.client.secret = null
	sasl.oauthbearer.clock.skew.seconds = 30
	sasl.oauthbearer.expected.audience = []
	sasl.oauthbearer.expected.issuer = null
	sasl.oauthbearer.header.urlencode = false
	sasl.oauthbearer.jwks.endpoint.refresh.ms = 3600000
	sasl.oauthbearer.jwks.endpoint.retry.backoff.max.ms = 10000
	sasl.oauthbearer.jwks.endpoint.retry.backoff.ms = 100
	sasl.oauthbearer.jwks.endpoint.url = null
	sasl.oauthbearer.jwt.retriever.class = class org.apache.kafka.common.security.oauthbearer.DefaultJwtRetriever
	sasl.oauthbearer.jwt.validator.class = class org.apache.kafka.common.security.oauthbearer.DefaultJwtValidator
	sasl.oauthbearer.scope = null
	sasl.oauthbearer.scope.claim.name = scope
	sasl.oauthbearer.sub.claim.name = sub
	sasl.oauthbearer.token.endpoint.url = null
	security.protocol = PLAINTEXT
	security.providers = null
	send.buffer.bytes = 131072
	session.timeout.ms = 45000
	share.acknowledgement.mode = implicit
	share.acquire.mode = BATCH_OPTIMIZED
	socket.connection.setup.timeout.max.ms = 30000
	socket.connection.setup.timeout.ms = 10000
	ssl.cipher.suites = []
	ssl.enabled.protocols = [TLSv1.2, TLSv1.3]
	ssl.endpoint.identification.algorithm = https
	ssl.engine.factory.class = null
	ssl.key.password = null
	ssl.keymanager.algorithm = SunX509
	ssl.keystore.certificate.chain = null
	ssl.keystore.key = null
	ssl.keystore.location = null
	ssl.keystore.password = null
	ssl.keystore.type = JKS
	ssl.protocol = TLSv1.3
	ssl.provider = null
	ssl.secure.random.implementation = null
	ssl.trustmanager.algorithm = PKIX
	ssl.truststore.certificates = null
	ssl.truststore.location = null
	ssl.truststore.password = null
	ssl.truststore.type = JKS
	value.deserializer = class org.apache.kafka.common.serialization.StringDeserializer

2026-09-28 18:11:22.412 INFO 
				
				[main] o.a.k.c.t.i.KafkaMetricsCollector - initializing Kafka metrics collector
2026-09-28 18:11:22.419 INFO 
				
				[main] o.a.kafka.common.utils.AppInfoParser - Kafka version: 4.2.1
2026-09-28 18:11:22.420 INFO 
				
				[main] o.a.kafka.common.utils.AppInfoParser - Kafka commitId: 92f61c44867f39dc
2026-09-28 18:11:22.420 INFO 
				
				[main] o.a.kafka.common.utils.AppInfoParser - Kafka startTimeMs: 1790599282419
2026-09-28 18:11:22.421 INFO 
				
				[#0-retry-4000-0-C-1] org.apache.kafka.clients.Metadata - [Consumer clientId=consumer-notification-group-retry-4000-4, groupId=notification-group-retry-4000] Cluster ID: 5L6g3nShT-eMCtK--X86sw
2026-09-28 18:11:22.421 INFO 
				
				[main] o.a.k.c.c.i.ClassicKafkaConsumer - [Consumer clientId=consumer-notification-group-5, groupId=notification-group] Subscribed to topic(s): notification-topic
2026-09-28 18:11:22.422 INFO 
				
				[#0-retry-4000-0-C-1] o.a.k.c.c.i.ConsumerCoordinator - [Consumer clientId=consumer-notification-group-retry-4000-4, groupId=notification-group-retry-4000] Discovered group coordinator localhost:9092 (id: 2147483646 rack: null isFenced: false)
2026-09-28 18:11:22.423 INFO 
				
				[#0-retry-4000-0-C-1] o.a.k.c.c.i.ConsumerCoordinator - [Consumer clientId=consumer-notification-group-retry-4000-4, groupId=notification-group-retry-4000] (Re-)joining group
2026-09-28 18:11:22.433 INFO 
				
				[main] c.k.m.MicroserviceNotificationConsumerApplication - Started MicroserviceNotificationConsumerApplication in 7.074 seconds (process running for 8.203)
2026-09-28 18:11:22.436 INFO 
				
				[#0.DLT-0-C-1] o.a.k.c.c.i.ConsumerCoordinator - [Consumer clientId=consumer-notification-group.DLT-3, groupId=notification-group.DLT] Request joining group due to: need to re-join with the given member-id: consumer-notification-group.DLT-3-3ccb12f6-862b-44ad-af81-600d8a4d3aef
2026-09-28 18:11:22.436 INFO 
				
				[#0-retry-4000-0-C-1] o.a.k.c.c.i.ConsumerCoordinator - [Consumer clientId=consumer-notification-group-retry-4000-4, groupId=notification-group-retry-4000] Request joining group due to: need to re-join with the given member-id: consumer-notification-group-retry-4000-4-0dfbef01-350a-42c8-a253-3ee8d8ff455d
2026-09-28 18:11:22.436 INFO 
				
				[#0-0-C-1] org.apache.kafka.clients.Metadata - [Consumer clientId=consumer-notification-group-5, groupId=notification-group] Cluster ID: 5L6g3nShT-eMCtK--X86sw
2026-09-28 18:11:22.436 INFO 
				
				[#0-retry-8000-0-C-1] o.a.k.c.c.i.ConsumerCoordinator - [Consumer clientId=consumer-notification-group-retry-8000-2, groupId=notification-group-retry-8000] Request joining group due to: need to re-join with the given member-id: consumer-notification-group-retry-8000-2-539dde44-e980-44e4-a624-deb048b25dae
2026-09-28 18:11:22.436 INFO 
				
				[#0-retry-2000-0-C-1] o.a.k.c.c.i.ConsumerCoordinator - [Consumer clientId=consumer-notification-group-retry-2000-1, groupId=notification-group-retry-2000] Request joining group due to: need to re-join with the given member-id: consumer-notification-group-retry-2000-1-95f8ea24-a3c5-425c-9546-168e94eb48bf
2026-09-28 18:11:22.437 INFO 
				
				[#0.DLT-0-C-1] o.a.k.c.c.i.ConsumerCoordinator - [Consumer clientId=consumer-notification-group.DLT-3, groupId=notification-group.DLT] (Re-)joining group
2026-09-28 18:11:22.437 INFO 
				
				[#0-retry-4000-0-C-1] o.a.k.c.c.i.ConsumerCoordinator - [Consumer clientId=consumer-notification-group-retry-4000-4, groupId=notification-group-retry-4000] (Re-)joining group
2026-09-28 18:11:22.437 INFO 
				
				[#0-0-C-1] o.a.k.c.c.i.ConsumerCoordinator - [Consumer clientId=consumer-notification-group-5, groupId=notification-group] Discovered group coordinator localhost:9092 (id: 2147483646 rack: null isFenced: false)
2026-09-28 18:11:22.437 INFO 
				
				[#0-retry-2000-0-C-1] o.a.k.c.c.i.ConsumerCoordinator - [Consumer clientId=consumer-notification-group-retry-2000-1, groupId=notification-group-retry-2000] (Re-)joining group
2026-09-28 18:11:22.437 INFO 
				
				[#0-retry-8000-0-C-1] o.a.k.c.c.i.ConsumerCoordinator - [Consumer clientId=consumer-notification-group-retry-8000-2, groupId=notification-group-retry-8000] (Re-)joining group
2026-09-28 18:11:22.438 INFO 
				
				[#0-0-C-1] o.a.k.c.c.i.ConsumerCoordinator - [Consumer clientId=consumer-notification-group-5, groupId=notification-group] (Re-)joining group
2026-09-28 18:11:22.445 INFO 
				
				[#0-retry-4000-0-C-1] o.a.k.c.c.i.ConsumerCoordinator - [Consumer clientId=consumer-notification-group-retry-4000-4, groupId=notification-group-retry-4000] Successfully joined group with generation Generation{generationId=3, memberId='consumer-notification-group-retry-4000-4-0dfbef01-350a-42c8-a253-3ee8d8ff455d', protocol='range'}
2026-09-28 18:11:22.445 INFO 
				
				[#0.DLT-0-C-1] o.a.k.c.c.i.ConsumerCoordinator - [Consumer clientId=consumer-notification-group.DLT-3, groupId=notification-group.DLT] Successfully joined group with generation Generation{generationId=3, memberId='consumer-notification-group.DLT-3-3ccb12f6-862b-44ad-af81-600d8a4d3aef', protocol='range'}
2026-09-28 18:11:22.445 INFO 
				
				[#0-retry-8000-0-C-1] o.a.k.c.c.i.ConsumerCoordinator - [Consumer clientId=consumer-notification-group-retry-8000-2, groupId=notification-group-retry-8000] Successfully joined group with generation Generation{generationId=3, memberId='consumer-notification-group-retry-8000-2-539dde44-e980-44e4-a624-deb048b25dae', protocol='range'}
2026-09-28 18:11:22.445 INFO 
				
				[#0-retry-2000-0-C-1] o.a.k.c.c.i.ConsumerCoordinator - [Consumer clientId=consumer-notification-group-retry-2000-1, groupId=notification-group-retry-2000] Successfully joined group with generation Generation{generationId=3, memberId='consumer-notification-group-retry-2000-1-95f8ea24-a3c5-425c-9546-168e94eb48bf', protocol='range'}
2026-09-28 18:11:22.458 INFO 
				
				[#0-0-C-1] o.a.k.c.c.i.ConsumerCoordinator - [Consumer clientId=consumer-notification-group-5, groupId=notification-group] Request joining group due to: need to re-join with the given member-id: consumer-notification-group-5-d71d2a78-9144-456f-b170-18147f1ca00c
2026-09-28 18:11:22.459 INFO 
				
				[#0-0-C-1] o.a.k.c.c.i.ConsumerCoordinator - [Consumer clientId=consumer-notification-group-5, groupId=notification-group] (Re-)joining group
2026-09-28 18:11:22.463 INFO 
				
				[#0-0-C-1] o.a.k.c.c.i.ConsumerCoordinator - [Consumer clientId=consumer-notification-group-5, groupId=notification-group] Successfully joined group with generation Generation{generationId=12, memberId='consumer-notification-group-5-d71d2a78-9144-456f-b170-18147f1ca00c', protocol='range'}
2026-09-28 18:11:22.472 INFO 
				
				[#0.DLT-0-C-1] o.a.k.c.c.i.ConsumerCoordinator - [Consumer clientId=consumer-notification-group.DLT-3, groupId=notification-group.DLT] Finished assignment for group at generation 3: {consumer-notification-group.DLT-3-3ccb12f6-862b-44ad-af81-600d8a4d3aef=Assignment(partitions=[notification-topic.DLT-0])}
2026-09-28 18:11:22.472 INFO 
				
				[#0-0-C-1] o.a.k.c.c.i.ConsumerCoordinator - [Consumer clientId=consumer-notification-group-5, groupId=notification-group] Finished assignment for group at generation 12: {consumer-notification-group-5-d71d2a78-9144-456f-b170-18147f1ca00c=Assignment(partitions=[notification-topic-0, notification-topic-1, notification-topic-2])}
2026-09-28 18:11:22.472 INFO 
				
				[#0-retry-4000-0-C-1] o.a.k.c.c.i.ConsumerCoordinator - [Consumer clientId=consumer-notification-group-retry-4000-4, groupId=notification-group-retry-4000] Finished assignment for group at generation 3: {consumer-notification-group-retry-4000-4-0dfbef01-350a-42c8-a253-3ee8d8ff455d=Assignment(partitions=[notification-topic-retry-4000-0])}
2026-09-28 18:11:22.472 INFO 
				
				[#0-retry-8000-0-C-1] o.a.k.c.c.i.ConsumerCoordinator - [Consumer clientId=consumer-notification-group-retry-8000-2, groupId=notification-group-retry-8000] Finished assignment for group at generation 3: {consumer-notification-group-retry-8000-2-539dde44-e980-44e4-a624-deb048b25dae=Assignment(partitions=[notification-topic-retry-8000-0])}
2026-09-28 18:11:22.472 INFO 
				
				[#0-retry-2000-0-C-1] o.a.k.c.c.i.ConsumerCoordinator - [Consumer clientId=consumer-notification-group-retry-2000-1, groupId=notification-group-retry-2000] Finished assignment for group at generation 3: {consumer-notification-group-retry-2000-1-95f8ea24-a3c5-425c-9546-168e94eb48bf=Assignment(partitions=[notification-topic-retry-2000-0])}
2026-09-28 18:11:22.480 INFO 
				
				[#0-retry-8000-0-C-1] o.a.k.c.c.i.ConsumerCoordinator - [Consumer clientId=consumer-notification-group-retry-8000-2, groupId=notification-group-retry-8000] Successfully synced group in generation Generation{generationId=3, memberId='consumer-notification-group-retry-8000-2-539dde44-e980-44e4-a624-deb048b25dae', protocol='range'}
2026-09-28 18:11:22.480 INFO 
				
				[#0.DLT-0-C-1] o.a.k.c.c.i.ConsumerCoordinator - [Consumer clientId=consumer-notification-group.DLT-3, groupId=notification-group.DLT] Successfully synced group in generation Generation{generationId=3, memberId='consumer-notification-group.DLT-3-3ccb12f6-862b-44ad-af81-600d8a4d3aef', protocol='range'}
2026-09-28 18:11:22.480 INFO 
				
				[#0-retry-4000-0-C-1] o.a.k.c.c.i.ConsumerCoordinator - [Consumer clientId=consumer-notification-group-retry-4000-4, groupId=notification-group-retry-4000] Successfully synced group in generation Generation{generationId=3, memberId='consumer-notification-group-retry-4000-4-0dfbef01-350a-42c8-a253-3ee8d8ff455d', protocol='range'}
2026-09-28 18:11:22.480 INFO 
				
				[#0-retry-2000-0-C-1] o.a.k.c.c.i.ConsumerCoordinator - [Consumer clientId=consumer-notification-group-retry-2000-1, groupId=notification-group-retry-2000] Successfully synced group in generation Generation{generationId=3, memberId='consumer-notification-group-retry-2000-1-95f8ea24-a3c5-425c-9546-168e94eb48bf', protocol='range'}
2026-09-28 18:11:22.480 INFO 
				
				[#0-0-C-1] o.a.k.c.c.i.ConsumerCoordinator - [Consumer clientId=consumer-notification-group-5, groupId=notification-group] Successfully synced group in generation Generation{generationId=12, memberId='consumer-notification-group-5-d71d2a78-9144-456f-b170-18147f1ca00c', protocol='range'}
2026-09-28 18:11:22.481 INFO 
				
				[#0-retry-4000-0-C-1] o.a.k.c.c.i.ConsumerCoordinator - [Consumer clientId=consumer-notification-group-retry-4000-4, groupId=notification-group-retry-4000] Notifying assignor about the new Assignment(partitions=[notification-topic-retry-4000-0])
2026-09-28 18:11:22.481 INFO 
				
				[#0-retry-2000-0-C-1] o.a.k.c.c.i.ConsumerCoordinator - [Consumer clientId=consumer-notification-group-retry-2000-1, groupId=notification-group-retry-2000] Notifying assignor about the new Assignment(partitions=[notification-topic-retry-2000-0])
2026-09-28 18:11:22.481 INFO 
				
				[#0-0-C-1] o.a.k.c.c.i.ConsumerCoordinator - [Consumer clientId=consumer-notification-group-5, groupId=notification-group] Notifying assignor about the new Assignment(partitions=[notification-topic-0, notification-topic-1, notification-topic-2])
2026-09-28 18:11:22.481 INFO 
				
				[#0-retry-8000-0-C-1] o.a.k.c.c.i.ConsumerCoordinator - [Consumer clientId=consumer-notification-group-retry-8000-2, groupId=notification-group-retry-8000] Notifying assignor about the new Assignment(partitions=[notification-topic-retry-8000-0])
2026-09-28 18:11:22.481 INFO 
				
				[#0.DLT-0-C-1] o.a.k.c.c.i.ConsumerCoordinator - [Consumer clientId=consumer-notification-group.DLT-3, groupId=notification-group.DLT] Notifying assignor about the new Assignment(partitions=[notification-topic.DLT-0])
2026-09-28 18:11:22.483 INFO 
				
				[#0-retry-2000-0-C-1] o.a.k.c.c.i.ConsumerRebalanceListenerInvoker - [Consumer clientId=consumer-notification-group-retry-2000-1, groupId=notification-group-retry-2000] Adding newly assigned partitions: [notification-topic-retry-2000-0]
2026-09-28 18:11:22.483 INFO 
				
				[#0-retry-4000-0-C-1] o.a.k.c.c.i.ConsumerRebalanceListenerInvoker - [Consumer clientId=consumer-notification-group-retry-4000-4, groupId=notification-group-retry-4000] Adding newly assigned partitions: [notification-topic-retry-4000-0]
2026-09-28 18:11:22.483 INFO 
				
				[#0.DLT-0-C-1] o.a.k.c.c.i.ConsumerRebalanceListenerInvoker - [Consumer clientId=consumer-notification-group.DLT-3, groupId=notification-group.DLT] Adding newly assigned partitions: [notification-topic.DLT-0]
2026-09-28 18:11:22.483 INFO 
				
				[#0-0-C-1] o.a.k.c.c.i.ConsumerRebalanceListenerInvoker - [Consumer clientId=consumer-notification-group-5, groupId=notification-group] Adding newly assigned partitions: [notification-topic-0, notification-topic-1, notification-topic-2]
2026-09-28 18:11:22.483 INFO 
				
				[#0-retry-8000-0-C-1] o.a.k.c.c.i.ConsumerRebalanceListenerInvoker - [Consumer clientId=consumer-notification-group-retry-8000-2, groupId=notification-group-retry-8000] Adding newly assigned partitions: [notification-topic-retry-8000-0]
2026-09-28 18:11:22.501 INFO 
				
				[#0.DLT-0-C-1] o.a.k.c.c.i.ConsumerCoordinator - [Consumer clientId=consumer-notification-group.DLT-3, groupId=notification-group.DLT] Found no committed offset for partition notification-topic.DLT-0
2026-09-28 18:11:22.501 INFO 
				
				[#0-0-C-1] o.a.k.c.c.i.ConsumerCoordinator - [Consumer clientId=consumer-notification-group-5, groupId=notification-group] Found no committed offset for partition notification-topic-0
2026-09-28 18:11:22.501 INFO 
				
				[#0-retry-8000-0-C-1] o.a.k.c.c.i.ConsumerCoordinator - [Consumer clientId=consumer-notification-group-retry-8000-2, groupId=notification-group-retry-8000] Found no committed offset for partition notification-topic-retry-8000-0
2026-09-28 18:11:22.501 INFO 
				
				[#0-retry-2000-0-C-1] o.a.k.c.c.i.ConsumerCoordinator - [Consumer clientId=consumer-notification-group-retry-2000-1, groupId=notification-group-retry-2000] Found no committed offset for partition notification-topic-retry-2000-0
2026-09-28 18:11:22.501 INFO 
				
				[#0-retry-4000-0-C-1] o.a.k.c.c.i.ConsumerCoordinator - [Consumer clientId=consumer-notification-group-retry-4000-4, groupId=notification-group-retry-4000] Found no committed offset for partition notification-topic-retry-4000-0
2026-09-28 18:11:22.506 INFO 
				
				[#0-0-C-1] o.a.k.c.c.internals.ConsumerUtils - Setting offset for partition notification-topic-1 to the committed offset FetchPosition{offset=1, offsetEpoch=Optional.empty, currentLeader=LeaderAndEpoch{leader=Optional[localhost:9092 (id: 1 rack: null isFenced: false)], epoch=2}}
2026-09-28 18:11:22.509 INFO 
				
				[#0-0-C-1] o.a.k.c.c.internals.ConsumerUtils - Setting offset for partition notification-topic-2 to the committed offset FetchPosition{offset=1, offsetEpoch=Optional.empty, currentLeader=LeaderAndEpoch{leader=Optional[localhost:9092 (id: 1 rack: null isFenced: false)], epoch=2}}
2026-09-28 18:11:22.521 INFO 
				
				[#0-retry-4000-0-C-1] o.a.k.c.c.i.SubscriptionState - [Consumer clientId=consumer-notification-group-retry-4000-4, groupId=notification-group-retry-4000] Resetting offset for partition notification-topic-retry-4000-0 to position FetchPosition{offset=0, offsetEpoch=Optional.empty, currentLeader=LeaderAndEpoch{leader=Optional[localhost:9092 (id: 1 rack: null isFenced: false)], epoch=0}}.
2026-09-28 18:11:22.521 INFO 
				
				[#0.DLT-0-C-1] o.a.k.c.c.i.SubscriptionState - [Consumer clientId=consumer-notification-group.DLT-3, groupId=notification-group.DLT] Resetting offset for partition notification-topic.DLT-0 to position FetchPosition{offset=0, offsetEpoch=Optional.empty, currentLeader=LeaderAndEpoch{leader=Optional[localhost:9092 (id: 1 rack: null isFenced: false)], epoch=0}}.
2026-09-28 18:11:22.521 INFO 
				
				[#0-0-C-1] o.a.k.c.c.i.SubscriptionState - [Consumer clientId=consumer-notification-group-5, groupId=notification-group] Resetting offset for partition notification-topic-0 to position FetchPosition{offset=0, offsetEpoch=Optional.empty, currentLeader=LeaderAndEpoch{leader=Optional[localhost:9092 (id: 1 rack: null isFenced: false)], epoch=2}}.
2026-09-28 18:11:22.521 INFO 
				
				[#0-retry-8000-0-C-1] o.a.k.c.c.i.SubscriptionState - [Consumer clientId=consumer-notification-group-retry-8000-2, groupId=notification-group-retry-8000] Resetting offset for partition notification-topic-retry-8000-0 to position FetchPosition{offset=0, offsetEpoch=Optional.empty, currentLeader=LeaderAndEpoch{leader=Optional[localhost:9092 (id: 1 rack: null isFenced: false)], epoch=0}}.
2026-09-28 18:11:22.521 INFO 
				
				[#0-retry-2000-0-C-1] o.a.k.c.c.i.SubscriptionState - [Consumer clientId=consumer-notification-group-retry-2000-1, groupId=notification-group-retry-2000] Resetting offset for partition notification-topic-retry-2000-0 to position FetchPosition{offset=0, offsetEpoch=Optional.empty, currentLeader=LeaderAndEpoch{leader=Optional[localhost:9092 (id: 1 rack: null isFenced: false)], epoch=0}}.
2026-09-28 18:11:22.522 INFO 
				
				[#0-retry-2000-0-C-1] o.s.k.l.KafkaMessageListenerContainer - notification-group-retry-2000: partitions assigned: [notification-topic-retry-2000-0]
2026-09-28 18:11:22.522 INFO 
				
				[#0-0-C-1] o.s.k.l.KafkaMessageListenerContainer - notification-group: partitions assigned: [notification-topic-0, notification-topic-1, notification-topic-2]
2026-09-28 18:11:22.522 INFO 
				
				[#0.DLT-0-C-1] o.s.k.l.KafkaMessageListenerContainer - notification-group.DLT: partitions assigned: [notification-topic.DLT-0]
2026-09-28 18:11:22.522 INFO 
				
				[#0-retry-8000-0-C-1] o.s.k.l.KafkaMessageListenerContainer - notification-group-retry-8000: partitions assigned: [notification-topic-retry-8000-0]
2026-09-28 18:11:22.523 INFO 
				
				[#0-retry-4000-0-C-1] o.s.k.l.KafkaMessageListenerContainer - notification-group-retry-4000: partitions assigned: [notification-topic-retry-4000-0]
2026-09-28 18:13:51.285 INFO 
				
				[RMI TCP Connection(4)-10.92.45.245] o.s.b.a.SpringApplicationAdminMXBeanRegistrar$SpringApplicationAdmin - Application shutdown requested.
2026-09-28 18:13:51.292 INFO 
				
				[#0-0-C-1] o.a.k.c.c.i.ConsumerRebalanceListenerInvoker - [Consumer clientId=consumer-notification-group-5, groupId=notification-group] Revoke previously assigned partitions [notification-topic-0, notification-topic-1, notification-topic-2]
2026-09-28 18:13:51.292 INFO 
				
				[#0-retry-8000-0-C-1] o.a.k.c.c.i.ConsumerRebalanceListenerInvoker - [Consumer clientId=consumer-notification-group-retry-8000-2, groupId=notification-group-retry-8000] Revoke previously assigned partitions [notification-topic-retry-8000-0]
2026-09-28 18:13:51.292 INFO 
				
				[#0-retry-4000-0-C-1] o.a.k.c.c.i.ConsumerRebalanceListenerInvoker - [Consumer clientId=consumer-notification-group-retry-4000-4, groupId=notification-group-retry-4000] Revoke previously assigned partitions [notification-topic-retry-4000-0]
2026-09-28 18:13:51.292 INFO 
				
				[#0.DLT-0-C-1] o.a.k.c.c.i.ConsumerRebalanceListenerInvoker - [Consumer clientId=consumer-notification-group.DLT-3, groupId=notification-group.DLT] Revoke previously assigned partitions [notification-topic.DLT-0]
2026-09-28 18:13:51.293 INFO 
				
				[#0-0-C-1] o.s.k.l.KafkaMessageListenerContainer - notification-group: partitions revoked: [notification-topic-0, notification-topic-1, notification-topic-2]
2026-09-28 18:13:51.293 INFO 
				
				[#0-retry-4000-0-C-1] o.s.k.l.KafkaMessageListenerContainer - notification-group-retry-4000: partitions revoked: [notification-topic-retry-4000-0]
2026-09-28 18:13:51.293 INFO 
				
				[#0.DLT-0-C-1] o.s.k.l.KafkaMessageListenerContainer - notification-group.DLT: partitions revoked: [notification-topic.DLT-0]
2026-09-28 18:13:51.292 INFO 
				
				[#0-retry-2000-0-C-1] o.a.k.c.c.i.ConsumerRebalanceListenerInvoker - [Consumer clientId=consumer-notification-group-retry-2000-1, groupId=notification-group-retry-2000] Revoke previously assigned partitions [notification-topic-retry-2000-0]
2026-09-28 18:13:51.293 INFO 
				
				[#0-retry-8000-0-C-1] o.s.k.l.KafkaMessageListenerContainer - notification-group-retry-8000: partitions revoked: [notification-topic-retry-8000-0]
2026-09-28 18:13:51.293 INFO 
				
				[#0-retry-2000-0-C-1] o.s.k.l.KafkaMessageListenerContainer - notification-group-retry-2000: partitions revoked: [notification-topic-retry-2000-0]
2026-09-28 18:13:51.297 INFO 
				
				[#0-0-C-1] o.a.k.c.c.i.ConsumerCoordinator - [Consumer clientId=consumer-notification-group-5, groupId=notification-group] Member consumer-notification-group-5-d71d2a78-9144-456f-b170-18147f1ca00c sending LeaveGroup request to coordinator localhost:9092 (id: 2147483646 rack: null isFenced: false) due to the consumer unsubscribed from all topics
2026-09-28 18:13:51.297 INFO 
				
				[#0-retry-4000-0-C-1] o.a.k.c.c.i.ConsumerCoordinator - [Consumer clientId=consumer-notification-group-retry-4000-4, groupId=notification-group-retry-4000] Member consumer-notification-group-retry-4000-4-0dfbef01-350a-42c8-a253-3ee8d8ff455d sending LeaveGroup request to coordinator localhost:9092 (id: 2147483646 rack: null isFenced: false) due to the consumer unsubscribed from all topics
2026-09-28 18:13:51.297 INFO 
				
				[#0-retry-8000-0-C-1] o.a.k.c.c.i.ConsumerCoordinator - [Consumer clientId=consumer-notification-group-retry-8000-2, groupId=notification-group-retry-8000] Member consumer-notification-group-retry-8000-2-539dde44-e980-44e4-a624-deb048b25dae sending LeaveGroup request to coordinator localhost:9092 (id: 2147483646 rack: null isFenced: false) due to the consumer unsubscribed from all topics
2026-09-28 18:13:51.297 INFO 
				
				[#0.DLT-0-C-1] o.a.k.c.c.i.ConsumerCoordinator - [Consumer clientId=consumer-notification-group.DLT-3, groupId=notification-group.DLT] Member consumer-notification-group.DLT-3-3ccb12f6-862b-44ad-af81-600d8a4d3aef sending LeaveGroup request to coordinator localhost:9092 (id: 2147483646 rack: null isFenced: false) due to the consumer unsubscribed from all topics
2026-09-28 18:13:51.297 INFO 
				
				[#0-retry-2000-0-C-1] o.a.k.c.c.i.ConsumerCoordinator - [Consumer clientId=consumer-notification-group-retry-2000-1, groupId=notification-group-retry-2000] Member consumer-notification-group-retry-2000-1-95f8ea24-a3c5-425c-9546-168e94eb48bf sending LeaveGroup request to coordinator localhost:9092 (id: 2147483646 rack: null isFenced: false) due to the consumer unsubscribed from all topics
2026-09-28 18:13:51.299 INFO 
				
				[#0-retry-2000-0-C-1] o.a.k.c.c.i.ConsumerCoordinator - [Consumer clientId=consumer-notification-group-retry-2000-1, groupId=notification-group-retry-2000] Resetting generation and member id due to: consumer pro-actively leaving the group
2026-09-28 18:13:51.299 INFO 
				
				[#0.DLT-0-C-1] o.a.k.c.c.i.ConsumerCoordinator - [Consumer clientId=consumer-notification-group.DLT-3, groupId=notification-group.DLT] Resetting generation and member id due to: consumer pro-actively leaving the group
2026-09-28 18:13:51.299 INFO 
				
				[#0-retry-2000-0-C-1] o.a.k.c.c.i.ConsumerCoordinator - [Consumer clientId=consumer-notification-group-retry-2000-1, groupId=notification-group-retry-2000] Request joining group due to: consumer pro-actively leaving the group
2026-09-28 18:13:51.299 INFO 
				
				[#0-retry-4000-0-C-1] o.a.k.c.c.i.ConsumerCoordinator - [Consumer clientId=consumer-notification-group-retry-4000-4, groupId=notification-group-retry-4000] Resetting generation and member id due to: consumer pro-actively leaving the group
2026-09-28 18:13:51.299 INFO 
				
				[#0.DLT-0-C-1] o.a.k.c.c.i.ConsumerCoordinator - [Consumer clientId=consumer-notification-group.DLT-3, groupId=notification-group.DLT] Request joining group due to: consumer pro-actively leaving the group
2026-09-28 18:13:51.299 INFO 
				
				[#0-retry-2000-0-C-1] o.a.k.c.c.i.ClassicKafkaConsumer - [Consumer clientId=consumer-notification-group-retry-2000-1, groupId=notification-group-retry-2000] Unsubscribed all topics or patterns and assigned partitions
2026-09-28 18:13:51.299 INFO 
				
				[#0.DLT-0-C-1] o.a.k.c.c.i.ClassicKafkaConsumer - [Consumer clientId=consumer-notification-group.DLT-3, groupId=notification-group.DLT] Unsubscribed all topics or patterns and assigned partitions
2026-09-28 18:13:51.299 INFO 
				
				[#0-0-C-1] o.a.k.c.c.i.ConsumerCoordinator - [Consumer clientId=consumer-notification-group-5, groupId=notification-group] Resetting generation and member id due to: consumer pro-actively leaving the group
2026-09-28 18:13:51.299 INFO 
				
				[#0-retry-8000-0-C-1] o.a.k.c.c.i.ConsumerCoordinator - [Consumer clientId=consumer-notification-group-retry-8000-2, groupId=notification-group-retry-8000] Resetting generation and member id due to: consumer pro-actively leaving the group
2026-09-28 18:13:51.299 INFO 
				
				[#0-retry-4000-0-C-1] o.a.k.c.c.i.ConsumerCoordinator - [Consumer clientId=consumer-notification-group-retry-4000-4, groupId=notification-group-retry-4000] Request joining group due to: consumer pro-actively leaving the group
2026-09-28 18:13:51.300 INFO 
				
				[#0-0-C-1] o.a.k.c.c.i.ConsumerCoordinator - [Consumer clientId=consumer-notification-group-5, groupId=notification-group] Request joining group due to: consumer pro-actively leaving the group
2026-09-28 18:13:51.300 INFO 
				
				[#0-retry-8000-0-C-1] o.a.k.c.c.i.ConsumerCoordinator - [Consumer clientId=consumer-notification-group-retry-8000-2, groupId=notification-group-retry-8000] Request joining group due to: consumer pro-actively leaving the group
2026-09-28 18:13:51.300 INFO 
				
				[#0-retry-4000-0-C-1] o.a.k.c.c.i.ClassicKafkaConsumer - [Consumer clientId=consumer-notification-group-retry-4000-4, groupId=notification-group-retry-4000] Unsubscribed all topics or patterns and assigned partitions
2026-09-28 18:13:51.300 INFO 
				
				[#0-0-C-1] o.a.k.c.c.i.ClassicKafkaConsumer - [Consumer clientId=consumer-notification-group-5, groupId=notification-group] Unsubscribed all topics or patterns and assigned partitions
2026-09-28 18:13:51.300 INFO 
				
				[#0-retry-8000-0-C-1] o.a.k.c.c.i.ClassicKafkaConsumer - [Consumer clientId=consumer-notification-group-retry-8000-2, groupId=notification-group-retry-8000] Unsubscribed all topics or patterns and assigned partitions
2026-09-28 18:13:51.304 INFO 
				
				[#0-retry-4000-0-C-1] o.a.k.c.c.i.ConsumerCoordinator - [Consumer clientId=consumer-notification-group-retry-4000-4, groupId=notification-group-retry-4000] Resetting generation and member id due to: consumer pro-actively leaving the group
2026-09-28 18:13:51.304 INFO 
				
				[#0-retry-2000-0-C-1] o.a.k.c.c.i.ConsumerCoordinator - [Consumer clientId=consumer-notification-group-retry-2000-1, groupId=notification-group-retry-2000] Resetting generation and member id due to: consumer pro-actively leaving the group
2026-09-28 18:13:51.304 INFO 
				
				[#0-retry-4000-0-C-1] o.a.k.c.c.i.ConsumerCoordinator - [Consumer clientId=consumer-notification-group-retry-4000-4, groupId=notification-group-retry-4000] Request joining group due to: consumer pro-actively leaving the group
2026-09-28 18:13:51.304 INFO 
				
				[#0-retry-2000-0-C-1] o.a.k.c.c.i.ConsumerCoordinator - [Consumer clientId=consumer-notification-group-retry-2000-1, groupId=notification-group-retry-2000] Request joining group due to: consumer pro-actively leaving the group
2026-09-28 18:13:51.306 INFO 
				
				[#0-0-C-1] o.a.k.c.c.i.ConsumerCoordinator - [Consumer clientId=consumer-notification-group-5, groupId=notification-group] Resetting generation and member id due to: consumer pro-actively leaving the group
2026-09-28 18:13:51.305 INFO 
				
				[#0-retry-8000-0-C-1] o.a.k.c.c.i.ConsumerCoordinator - [Consumer clientId=consumer-notification-group-retry-8000-2, groupId=notification-group-retry-8000] Resetting generation and member id due to: consumer pro-actively leaving the group
2026-09-28 18:13:51.305 INFO 
				
				[#0.DLT-0-C-1] o.a.k.c.c.i.ConsumerCoordinator - [Consumer clientId=consumer-notification-group.DLT-3, groupId=notification-group.DLT] Resetting generation and member id due to: consumer pro-actively leaving the group
2026-09-28 18:13:51.306 INFO 
				
				[#0-retry-8000-0-C-1] o.a.k.c.c.i.ConsumerCoordinator - [Consumer clientId=consumer-notification-group-retry-8000-2, groupId=notification-group-retry-8000] Request joining group due to: consumer pro-actively leaving the group
2026-09-28 18:13:51.306 INFO 
				
				[#0-0-C-1] o.a.k.c.c.i.ConsumerCoordinator - [Consumer clientId=consumer-notification-group-5, groupId=notification-group] Request joining group due to: consumer pro-actively leaving the group
2026-09-28 18:13:51.306 INFO 
				
				[#0.DLT-0-C-1] o.a.k.c.c.i.ConsumerCoordinator - [Consumer clientId=consumer-notification-group.DLT-3, groupId=notification-group.DLT] Request joining group due to: consumer pro-actively leaving the group
2026-09-28 18:13:51.385 INFO 
				
				[#0-retry-8000-0-C-1] o.a.kafka.common.metrics.Metrics - Metrics scheduler closed
2026-09-28 18:13:51.385 INFO 
				
				[#0-retry-2000-0-C-1] o.a.kafka.common.metrics.Metrics - Metrics scheduler closed
2026-09-28 18:13:51.385 INFO 
				
				[#0-retry-8000-0-C-1] o.a.kafka.common.metrics.Metrics - Closing reporter org.apache.kafka.common.metrics.JmxReporter
2026-09-28 18:13:51.386 INFO 
				
				[#0-retry-2000-0-C-1] o.a.kafka.common.metrics.Metrics - Closing reporter org.apache.kafka.common.metrics.JmxReporter
2026-09-28 18:13:51.386 INFO 
				
				[#0-retry-4000-0-C-1] o.a.kafka.common.metrics.Metrics - Metrics scheduler closed
2026-09-28 18:13:51.386 INFO 
				
				[#0.DLT-0-C-1] o.a.kafka.common.metrics.Metrics - Metrics scheduler closed
2026-09-28 18:13:51.386 INFO 
				
				[#0.DLT-0-C-1] o.a.kafka.common.metrics.Metrics - Closing reporter org.apache.kafka.common.metrics.JmxReporter
2026-09-28 18:13:51.386 INFO 
				
				[#0-retry-2000-0-C-1] o.a.kafka.common.metrics.Metrics - Closing reporter org.apache.kafka.common.telemetry.internals.ClientTelemetryReporter
2026-09-28 18:13:51.386 INFO 
				
				[#0-retry-8000-0-C-1] o.a.kafka.common.metrics.Metrics - Closing reporter org.apache.kafka.common.telemetry.internals.ClientTelemetryReporter
2026-09-28 18:13:51.386 INFO 
				
				[#0-retry-2000-0-C-1] o.a.kafka.common.metrics.Metrics - Metrics reporters closed
2026-09-28 18:13:51.386 INFO 
				
				[#0-retry-4000-0-C-1] o.a.kafka.common.metrics.Metrics - Closing reporter org.apache.kafka.common.metrics.JmxReporter
2026-09-28 18:13:51.386 INFO 
				
				[#0-retry-8000-0-C-1] o.a.kafka.common.metrics.Metrics - Metrics reporters closed
2026-09-28 18:13:51.386 INFO 
				
				[#0.DLT-0-C-1] o.a.kafka.common.metrics.Metrics - Closing reporter org.apache.kafka.common.telemetry.internals.ClientTelemetryReporter
2026-09-28 18:13:51.386 INFO 
				
				[#0.DLT-0-C-1] o.a.kafka.common.metrics.Metrics - Metrics reporters closed
2026-09-28 18:13:51.386 INFO 
				
				[#0-retry-4000-0-C-1] o.a.kafka.common.metrics.Metrics - Closing reporter org.apache.kafka.common.telemetry.internals.ClientTelemetryReporter
2026-09-28 18:13:51.387 INFO 
				
				[#0-retry-4000-0-C-1] o.a.kafka.common.metrics.Metrics - Metrics reporters closed
2026-09-28 18:13:51.387 INFO 
				
				[#0-0-C-1] o.a.kafka.common.metrics.Metrics - Metrics scheduler closed
2026-09-28 18:13:51.387 INFO 
				
				[#0-0-C-1] o.a.kafka.common.metrics.Metrics - Closing reporter org.apache.kafka.common.metrics.JmxReporter
2026-09-28 18:13:51.387 INFO 
				
				[#0-0-C-1] o.a.kafka.common.metrics.Metrics - Closing reporter org.apache.kafka.common.telemetry.internals.ClientTelemetryReporter
2026-09-28 18:13:51.388 INFO 
				
				[#0-0-C-1] o.a.kafka.common.metrics.Metrics - Metrics reporters closed
2026-09-28 18:13:51.405 INFO 
				
				[#0.DLT-0-C-1] o.a.kafka.common.utils.AppInfoParser - App info kafka.consumer for consumer-notification-group.DLT-3 unregistered
2026-09-28 18:13:51.406 INFO 
				
				[#0.DLT-0-C-1] o.s.k.l.KafkaMessageListenerContainer - notification-group.DLT: Consumer stopped
2026-09-28 18:13:51.406 INFO 
				
				[#0-retry-8000-0-C-1] o.a.kafka.common.utils.AppInfoParser - App info kafka.consumer for consumer-notification-group-retry-8000-2 unregistered
2026-09-28 18:13:51.406 INFO 
				
				[#0-retry-8000-0-C-1] o.s.k.l.KafkaMessageListenerContainer - notification-group-retry-8000: Consumer stopped
2026-09-28 18:13:51.406 INFO 
				
				[#0-retry-4000-0-C-1] o.a.kafka.common.utils.AppInfoParser - App info kafka.consumer for consumer-notification-group-retry-4000-4 unregistered
2026-09-28 18:13:51.407 INFO 
				
				[#0-retry-2000-0-C-1] o.a.kafka.common.utils.AppInfoParser - App info kafka.consumer for consumer-notification-group-retry-2000-1 unregistered
2026-09-28 18:13:51.407 INFO 
				
				[#0-retry-4000-0-C-1] o.s.k.l.KafkaMessageListenerContainer - notification-group-retry-4000: Consumer stopped
2026-09-28 18:13:51.407 INFO 
				
				[#0-retry-2000-0-C-1] o.s.k.l.KafkaMessageListenerContainer - notification-group-retry-2000: Consumer stopped
2026-09-28 18:13:51.407 INFO 
				
				[#0-0-C-1] o.a.kafka.common.utils.AppInfoParser - App info kafka.consumer for consumer-notification-group-5 unregistered
2026-09-28 18:13:51.407 INFO 
				
				[#0-0-C-1] o.s.k.l.KafkaMessageListenerContainer - notification-group: Consumer stopped
2026-09-28 18:13:51.409 INFO 
				
				[RMI TCP Connection(4)-10.92.45.245] o.s.boot.tomcat.GracefulShutdown - Commencing graceful shutdown. Waiting for active requests to complete
2026-09-28 18:13:51.410 INFO 
				
				[tomcat-shutdown] o.a.coyote.http11.Http11NioProtocol - Pausing ProtocolHandler ["http-nio-8082"]
2026-09-28 18:13:51.467 INFO 
				
				[tomcat-shutdown] o.s.boot.tomcat.GracefulShutdown - Graceful shutdown complete
2026-09-28 18:13:51.467 INFO 
				
				[RMI TCP Connection(4)-10.92.45.245] o.a.coyote.http11.Http11NioProtocol - Stopping ProtocolHandler ["http-nio-8082"]
2026-09-28 18:13:51.470 INFO 
				
				[RMI TCP Connection(4)-10.92.45.245] o.s.o.j.LocalContainerEntityManagerFactoryBean - Closing JPA EntityManagerFactory for persistence unit 'default'
2026-09-28 18:13:51.473 INFO 
				
				[RMI TCP Connection(4)-10.92.45.245] com.zaxxer.hikari.HikariDataSource - PersonHikariPool - Shutdown initiated...
2026-09-28 18:13:51.481 INFO 
				
				[RMI TCP Connection(4)-10.92.45.245] com.zaxxer.hikari.HikariDataSource - PersonHikariPool - Shutdown completed.
2026-09-28 18:14:02.786 INFO 
				
				[main] c.k.m.MicroserviceNotificationConsumerApplication - Starting MicroserviceNotificationConsumerApplication using Java 17.0.12 with PID 20516 (D:\Project Development\My-github\spring-boot-microservices-kafka-integration\microservice-notification-consumer\target\classes started by Vishnu Katpure in D:\Project Development\My-github\spring-boot-microservices-kafka-integration\microservice-notification-consumer)
2026-09-28 18:14:02.788 INFO 
				
				[main] c.k.m.MicroserviceNotificationConsumerApplication - No active profile set, falling back to 1 default profile: "default"
2026-09-28 18:14:03.199 INFO 
				
				[main] o.s.d.r.c.RepositoryConfigurationDelegate - Bootstrapping Spring Data JPA repositories in DEFAULT mode.
2026-09-28 18:14:03.230 INFO 
				
				[main] o.s.d.r.c.RepositoryConfigurationDelegate - Finished Spring Data repository scanning in 25 ms. Found 1 JPA repository interface.
2026-09-28 18:14:03.563 INFO 
				
				[main] o.s.boot.tomcat.TomcatWebServer - Tomcat initialized with port 8082 (http)
2026-09-28 18:14:03.572 INFO 
				
				[main] o.a.coyote.http11.Http11NioProtocol - Initializing ProtocolHandler ["http-nio-8082"]
2026-09-28 18:14:03.573 INFO 
				
				[main] o.a.catalina.core.StandardService - Starting service [Tomcat]
2026-09-28 18:14:03.573 INFO 
				
				[main] o.a.catalina.core.StandardEngine - Starting Servlet engine: [Apache Tomcat/11.0.22]
2026-09-28 18:14:03.613 INFO 
				
				[main] o.s.b.w.c.s.WebApplicationContextInitializer - Root WebApplicationContext: initialization completed in 793 ms
2026-09-28 18:14:03.722 INFO 
				
				[main] org.hibernate.orm.jpa - HHH008540: Processing PersistenceUnitInfo [name: default]
2026-09-28 18:14:03.756 INFO 
				
				[main] org.hibernate.orm.core - HHH000001: Hibernate ORM core version 7.4.1.Final
2026-09-28 18:14:04.030 INFO 
				
				[main] o.s.o.j.p.SpringPersistenceUnitInfo - No LoadTimeWeaver setup: ignoring JPA class transformer
2026-09-28 18:14:04.050 INFO 
				
				[main] com.zaxxer.hikari.HikariDataSource - PersonHikariPool - Starting...
2026-09-28 18:14:04.149 INFO 
				
				[main] com.zaxxer.hikari.pool.HikariPool - PersonHikariPool - Added connection com.mysql.cj.jdbc.ConnectionImpl@2a259f6f
2026-09-28 18:14:04.159 INFO 
				
				[main] com.zaxxer.hikari.HikariDataSource - PersonHikariPool - Start completed.
2026-09-28 18:14:04.191 WARN 
				
				[main] org.hibernate.orm.deprecation - HHH90000025: MySQLDialect does not need to be specified explicitly using 'hibernate.dialect' (remove the property setting and it will be selected by default)
2026-09-28 18:14:04.206 INFO 
				
				[main] o.hibernate.orm.connections.pooling - HHH10001005: Database info:
	Database JDBC URL [jdbc:mysql://localhost:3306/demo?allowPublicKeyRetrieval=true&useSSL=false&serverTimezone=UTC]
	Database driver: MySQL Connector/J
	Database dialect: MySQLDialect
	Database version: 8.0.15
	Default catalog/schema: demo/undefined
	Autocommit mode: undefined/unknown
	Isolation level: REPEATABLE_READ [default REPEATABLE_READ]
	JDBC fetch size: none
	Pool: DataSourceConnectionProvider
	Minimum pool size: undefined/unknown
	Maximum pool size: undefined/unknown
2026-09-28 18:14:04.715 INFO 
				
				[main] org.hibernate.orm.core - HHH000182: No default (no-argument) constructor for class [com.kafka.microservice_notification_consumer.model.ProcessedEvent] (class must be instantiated by Interceptor)
2026-09-28 18:14:04.824 INFO 
				
				[main] org.hibernate.orm.core - HHH000489: No JTA platform available (set 'hibernate.transaction.jta.platform' to enable JTA platform integration)
2026-09-28 18:14:04.865 INFO 
				
				[main] o.s.o.j.LocalContainerEntityManagerFactoryBean - Initialized JPA EntityManagerFactory for persistence unit 'default'
2026-09-28 18:14:04.978 INFO 
				
				[main] o.s.d.j.r.q.QueryEnhancerFactories - Hibernate is in classpath; If applicable, HQL parser will be used.
2026-09-28 18:14:05.254 WARN 
				
				[main] o.s.b.j.a.JpaBaseConfiguration$JpaWebConfiguration - spring.jpa.open-in-view is enabled by default. Therefore, database queries may be performed during view rendering. Explicitly configure spring.jpa.open-in-view to disable this warning
2026-09-28 18:14:05.493 INFO 
				
				[main] o.a.k.common.config.AbstractConfig - AdminClientConfig values: 
	bootstrap.controllers = []
	bootstrap.servers = [localhost:9092]
	client.dns.lookup = use_all_dns_ips
	client.id = microservice-notification-consumer-admin-0
	config.providers = []
	connections.max.idle.ms = 300000
	default.api.timeout.ms = 60000
	enable.metrics.push = false
	metadata.max.age.ms = 300000
	metadata.recovery.rebootstrap.trigger.ms = 300000
	metadata.recovery.strategy = rebootstrap
	metric.reporters = [org.apache.kafka.common.metrics.JmxReporter]
	metrics.num.samples = 2
	metrics.recording.level = INFO
	metrics.sample.window.ms = 30000
	receive.buffer.bytes = 65536
	reconnect.backoff.max.ms = 1000
	reconnect.backoff.ms = 50
	request.timeout.ms = 30000
	retries = 2147483647
	retry.backoff.max.ms = 1000
	retry.backoff.ms = 100
	sasl.client.callback.handler.class = null
	sasl.jaas.config = null
	sasl.kerberos.kinit.cmd = /usr/bin/kinit
	sasl.kerberos.min.time.before.relogin = 60000
	sasl.kerberos.service.name = null
	sasl.kerberos.ticket.renew.jitter = 0.05
	sasl.kerberos.ticket.renew.window.factor = 0.8
	sasl.login.callback.handler.class = null
	sasl.login.class = null
	sasl.login.connect.timeout.ms = null
	sasl.login.read.timeout.ms = null
	sasl.login.refresh.buffer.seconds = 300
	sasl.login.refresh.min.period.seconds = 60
	sasl.login.refresh.window.factor = 0.8
	sasl.login.refresh.window.jitter = 0.05
	sasl.login.retry.backoff.max.ms = 10000
	sasl.login.retry.backoff.ms = 100
	sasl.mechanism = GSSAPI
	sasl.oauthbearer.assertion.algorithm = RS256
	sasl.oauthbearer.assertion.claim.aud = null
	sasl.oauthbearer.assertion.claim.exp.seconds = 300
	sasl.oauthbearer.assertion.claim.iss = null
	sasl.oauthbearer.assertion.claim.jti.include = false
	sasl.oauthbearer.assertion.claim.nbf.seconds = 60
	sasl.oauthbearer.assertion.claim.sub = null
	sasl.oauthbearer.assertion.file = null
	sasl.oauthbearer.assertion.private.key.file = null
	sasl.oauthbearer.assertion.private.key.passphrase = null
	sasl.oauthbearer.assertion.template.file = null
	sasl.oauthbearer.client.credentials.client.id = null
	sasl.oauthbearer.client.credentials.client.secret = null
	sasl.oauthbearer.clock.skew.seconds = 30
	sasl.oauthbearer.expected.audience = []
	sasl.oauthbearer.expected.issuer = null
	sasl.oauthbearer.header.urlencode = false
	sasl.oauthbearer.jwks.endpoint.refresh.ms = 3600000
	sasl.oauthbearer.jwks.endpoint.retry.backoff.max.ms = 10000
	sasl.oauthbearer.jwks.endpoint.retry.backoff.ms = 100
	sasl.oauthbearer.jwks.endpoint.url = null
	sasl.oauthbearer.jwt.retriever.class = class org.apache.kafka.common.security.oauthbearer.DefaultJwtRetriever
	sasl.oauthbearer.jwt.validator.class = class org.apache.kafka.common.security.oauthbearer.DefaultJwtValidator
	sasl.oauthbearer.scope = null
	sasl.oauthbearer.scope.claim.name = scope
	sasl.oauthbearer.sub.claim.name = sub
	sasl.oauthbearer.token.endpoint.url = null
	security.protocol = PLAINTEXT
	security.providers = null
	send.buffer.bytes = 131072
	socket.connection.setup.timeout.max.ms = 30000
	socket.connection.setup.timeout.ms = 10000
	ssl.cipher.suites = []
	ssl.enabled.protocols = [TLSv1.2, TLSv1.3]
	ssl.endpoint.identification.algorithm = https
	ssl.engine.factory.class = null
	ssl.key.password = null
	ssl.keymanager.algorithm = SunX509
	ssl.keystore.certificate.chain = null
	ssl.keystore.key = null
	ssl.keystore.location = null
	ssl.keystore.password = null
	ssl.keystore.type = JKS
	ssl.protocol = TLSv1.3
	ssl.provider = null
	ssl.secure.random.implementation = null
	ssl.trustmanager.algorithm = PKIX
	ssl.truststore.certificates = null
	ssl.truststore.location = null
	ssl.truststore.password = null
	ssl.truststore.type = JKS

2026-09-28 18:14:05.544 INFO 
				
				[main] o.a.kafka.common.utils.AppInfoParser - Kafka version: 4.2.1
2026-09-28 18:14:05.544 INFO 
				
				[main] o.a.kafka.common.utils.AppInfoParser - Kafka commitId: 92f61c44867f39dc
2026-09-28 18:14:05.544 INFO 
				
				[main] o.a.kafka.common.utils.AppInfoParser - Kafka startTimeMs: 1790599445543
2026-09-28 18:14:05.789 INFO 
				
				[main] o.s.kafka.core.KafkaAdmin - Topic 'notification-topic' exists but has a different partition count: 3 not 1
2026-09-28 18:14:05.790 INFO 
				
				[main] o.a.kafka.common.metrics.Metrics - Metrics scheduler closed
2026-09-28 18:14:05.790 INFO 
				
				[main] o.a.kafka.common.metrics.Metrics - Closing reporter org.apache.kafka.common.metrics.JmxReporter
2026-09-28 18:14:05.790 INFO 
				
				[main] o.a.kafka.common.metrics.Metrics - Metrics reporters closed
2026-09-28 18:14:05.791 INFO 
				
				[kafka-admin-client-thread | microservice-notification-consumer-admin-0] o.a.kafka.common.utils.AppInfoParser - App info kafka.admin.client for microservice-notification-consumer-admin-0 unregistered
2026-09-28 18:14:05.800 INFO 
				
				[kafka-admin-client-thread | microservice-notification-consumer-admin-0] o.a.kafka.common.metrics.Metrics - Metrics scheduler closed
2026-09-28 18:14:05.800 INFO 
				
				[kafka-admin-client-thread | microservice-notification-consumer-admin-0] o.a.kafka.common.metrics.Metrics - Closing reporter org.apache.kafka.common.metrics.JmxReporter
2026-09-28 18:14:05.800 INFO 
				
				[kafka-admin-client-thread | microservice-notification-consumer-admin-0] o.a.kafka.common.metrics.Metrics - Metrics reporters closed
2026-09-28 18:14:05.806 INFO 
				
				[main] o.a.coyote.http11.Http11NioProtocol - Starting ProtocolHandler ["http-nio-8082"]
2026-09-28 18:14:05.814 INFO 
				
				[main] o.s.boot.tomcat.TomcatWebServer - Tomcat started on port 8082 (http) with context path '/'
2026-09-28 18:14:05.834 INFO 
				
				[main] o.a.k.common.config.AbstractConfig - ConsumerConfig values: 
	allow.auto.create.topics = true
	auto.commit.interval.ms = 5000
	auto.offset.reset = earliest
	bootstrap.servers = [localhost:9092]
	check.crcs = true
	client.dns.lookup = use_all_dns_ips
	client.id = consumer-notification-group-retry-2000-1
	client.rack = 
	config.providers = []
	connections.max.idle.ms = 540000
	default.api.timeout.ms = 60000
	enable.auto.commit = false
	enable.metrics.push = true
	exclude.internal.topics = true
	fetch.max.bytes = 52428800
	fetch.max.wait.ms = 500
	fetch.min.bytes = 1
	group.id = notification-group-retry-2000
	group.instance.id = null
	group.protocol = classic
	group.remote.assignor = null
	heartbeat.interval.ms = 3000
	interceptor.classes = []
	internal.throw.on.fetch.stable.offset.unsupported = false
	isolation.level = read_uncommitted
	key.deserializer = class org.apache.kafka.common.serialization.LongDeserializer
	max.partition.fetch.bytes = 1048576
	max.poll.interval.ms = 300000
	max.poll.records = 500
	metadata.max.age.ms = 300000
	metadata.recovery.rebootstrap.trigger.ms = 300000
	metadata.recovery.strategy = rebootstrap
	metric.reporters = [org.apache.kafka.common.metrics.JmxReporter]
	metrics.num.samples = 2
	metrics.recording.level = INFO
	metrics.sample.window.ms = 30000
	partition.assignment.strategy = [class org.apache.kafka.clients.consumer.RangeAssignor, class org.apache.kafka.clients.consumer.CooperativeStickyAssignor]
	receive.buffer.bytes = 65536
	reconnect.backoff.max.ms = 1000
	reconnect.backoff.ms = 50
	request.timeout.ms = 30000
	retry.backoff.max.ms = 1000
	retry.backoff.ms = 100
	sasl.client.callback.handler.class = null
	sasl.jaas.config = null
	sasl.kerberos.kinit.cmd = /usr/bin/kinit
	sasl.kerberos.min.time.before.relogin = 60000
	sasl.kerberos.service.name = null
	sasl.kerberos.ticket.renew.jitter = 0.05
	sasl.kerberos.ticket.renew.window.factor = 0.8
	sasl.login.callback.handler.class = null
	sasl.login.class = null
	sasl.login.connect.timeout.ms = null
	sasl.login.read.timeout.ms = null
	sasl.login.refresh.buffer.seconds = 300
	sasl.login.refresh.min.period.seconds = 60
	sasl.login.refresh.window.factor = 0.8
	sasl.login.refresh.window.jitter = 0.05
	sasl.login.retry.backoff.max.ms = 10000
	sasl.login.retry.backoff.ms = 100
	sasl.mechanism = GSSAPI
	sasl.oauthbearer.assertion.algorithm = RS256
	sasl.oauthbearer.assertion.claim.aud = null
	sasl.oauthbearer.assertion.claim.exp.seconds = 300
	sasl.oauthbearer.assertion.claim.iss = null
	sasl.oauthbearer.assertion.claim.jti.include = false
	sasl.oauthbearer.assertion.claim.nbf.seconds = 60
	sasl.oauthbearer.assertion.claim.sub = null
	sasl.oauthbearer.assertion.file = null
	sasl.oauthbearer.assertion.private.key.file = null
	sasl.oauthbearer.assertion.private.key.passphrase = null
	sasl.oauthbearer.assertion.template.file = null
	sasl.oauthbearer.client.credentials.client.id = null
	sasl.oauthbearer.client.credentials.client.secret = null
	sasl.oauthbearer.clock.skew.seconds = 30
	sasl.oauthbearer.expected.audience = []
	sasl.oauthbearer.expected.issuer = null
	sasl.oauthbearer.header.urlencode = false
	sasl.oauthbearer.jwks.endpoint.refresh.ms = 3600000
	sasl.oauthbearer.jwks.endpoint.retry.backoff.max.ms = 10000
	sasl.oauthbearer.jwks.endpoint.retry.backoff.ms = 100
	sasl.oauthbearer.jwks.endpoint.url = null
	sasl.oauthbearer.jwt.retriever.class = class org.apache.kafka.common.security.oauthbearer.DefaultJwtRetriever
	sasl.oauthbearer.jwt.validator.class = class org.apache.kafka.common.security.oauthbearer.DefaultJwtValidator
	sasl.oauthbearer.scope = null
	sasl.oauthbearer.scope.claim.name = scope
	sasl.oauthbearer.sub.claim.name = sub
	sasl.oauthbearer.token.endpoint.url = null
	security.protocol = PLAINTEXT
	security.providers = null
	send.buffer.bytes = 131072
	session.timeout.ms = 45000
	share.acknowledgement.mode = implicit
	share.acquire.mode = BATCH_OPTIMIZED
	socket.connection.setup.timeout.max.ms = 30000
	socket.connection.setup.timeout.ms = 10000
	ssl.cipher.suites = []
	ssl.enabled.protocols = [TLSv1.2, TLSv1.3]
	ssl.endpoint.identification.algorithm = https
	ssl.engine.factory.class = null
	ssl.key.password = null
	ssl.keymanager.algorithm = SunX509
	ssl.keystore.certificate.chain = null
	ssl.keystore.key = null
	ssl.keystore.location = null
	ssl.keystore.password = null
	ssl.keystore.type = JKS
	ssl.protocol = TLSv1.3
	ssl.provider = null
	ssl.secure.random.implementation = null
	ssl.trustmanager.algorithm = PKIX
	ssl.truststore.certificates = null
	ssl.truststore.location = null
	ssl.truststore.password = null
	ssl.truststore.type = JKS
	value.deserializer = class org.apache.kafka.common.serialization.StringDeserializer

2026-09-28 18:14:05.856 INFO 
				
				[main] o.a.k.c.t.i.KafkaMetricsCollector - initializing Kafka metrics collector
2026-09-28 18:14:05.889 INFO 
				
				[main] o.a.kafka.common.utils.AppInfoParser - Kafka version: 4.2.1
2026-09-28 18:14:05.889 INFO 
				
				[main] o.a.kafka.common.utils.AppInfoParser - Kafka commitId: 92f61c44867f39dc
2026-09-28 18:14:05.889 INFO 
				
				[main] o.a.kafka.common.utils.AppInfoParser - Kafka startTimeMs: 1790599445889
2026-09-28 18:14:05.892 INFO 
				
				[main] o.a.k.c.c.i.ClassicKafkaConsumer - [Consumer clientId=consumer-notification-group-retry-2000-1, groupId=notification-group-retry-2000] Subscribed to topic(s): notification-topic-retry-2000
2026-09-28 18:14:05.904 INFO 
				
				[main] o.a.k.common.config.AbstractConfig - ConsumerConfig values: 
	allow.auto.create.topics = true
	auto.commit.interval.ms = 5000
	auto.offset.reset = earliest
	bootstrap.servers = [localhost:9092]
	check.crcs = true
	client.dns.lookup = use_all_dns_ips
	client.id = consumer-notification-group-retry-8000-2
	client.rack = 
	config.providers = []
	connections.max.idle.ms = 540000
	default.api.timeout.ms = 60000
	enable.auto.commit = false
	enable.metrics.push = true
	exclude.internal.topics = true
	fetch.max.bytes = 52428800
	fetch.max.wait.ms = 500
	fetch.min.bytes = 1
	group.id = notification-group-retry-8000
	group.instance.id = null
	group.protocol = classic
	group.remote.assignor = null
	heartbeat.interval.ms = 3000
	interceptor.classes = []
	internal.throw.on.fetch.stable.offset.unsupported = false
	isolation.level = read_uncommitted
	key.deserializer = class org.apache.kafka.common.serialization.LongDeserializer
	max.partition.fetch.bytes = 1048576
	max.poll.interval.ms = 300000
	max.poll.records = 500
	metadata.max.age.ms = 300000
	metadata.recovery.rebootstrap.trigger.ms = 300000
	metadata.recovery.strategy = rebootstrap
	metric.reporters = [org.apache.kafka.common.metrics.JmxReporter]
	metrics.num.samples = 2
	metrics.recording.level = INFO
	metrics.sample.window.ms = 30000
	partition.assignment.strategy = [class org.apache.kafka.clients.consumer.RangeAssignor, class org.apache.kafka.clients.consumer.CooperativeStickyAssignor]
	receive.buffer.bytes = 65536
	reconnect.backoff.max.ms = 1000
	reconnect.backoff.ms = 50
	request.timeout.ms = 30000
	retry.backoff.max.ms = 1000
	retry.backoff.ms = 100
	sasl.client.callback.handler.class = null
	sasl.jaas.config = null
	sasl.kerberos.kinit.cmd = /usr/bin/kinit
	sasl.kerberos.min.time.before.relogin = 60000
	sasl.kerberos.service.name = null
	sasl.kerberos.ticket.renew.jitter = 0.05
	sasl.kerberos.ticket.renew.window.factor = 0.8
	sasl.login.callback.handler.class = null
	sasl.login.class = null
	sasl.login.connect.timeout.ms = null
	sasl.login.read.timeout.ms = null
	sasl.login.refresh.buffer.seconds = 300
	sasl.login.refresh.min.period.seconds = 60
	sasl.login.refresh.window.factor = 0.8
	sasl.login.refresh.window.jitter = 0.05
	sasl.login.retry.backoff.max.ms = 10000
	sasl.login.retry.backoff.ms = 100
	sasl.mechanism = GSSAPI
	sasl.oauthbearer.assertion.algorithm = RS256
	sasl.oauthbearer.assertion.claim.aud = null
	sasl.oauthbearer.assertion.claim.exp.seconds = 300
	sasl.oauthbearer.assertion.claim.iss = null
	sasl.oauthbearer.assertion.claim.jti.include = false
	sasl.oauthbearer.assertion.claim.nbf.seconds = 60
	sasl.oauthbearer.assertion.claim.sub = null
	sasl.oauthbearer.assertion.file = null
	sasl.oauthbearer.assertion.private.key.file = null
	sasl.oauthbearer.assertion.private.key.passphrase = null
	sasl.oauthbearer.assertion.template.file = null
	sasl.oauthbearer.client.credentials.client.id = null
	sasl.oauthbearer.client.credentials.client.secret = null
	sasl.oauthbearer.clock.skew.seconds = 30
	sasl.oauthbearer.expected.audience = []
	sasl.oauthbearer.expected.issuer = null
	sasl.oauthbearer.header.urlencode = false
	sasl.oauthbearer.jwks.endpoint.refresh.ms = 3600000
	sasl.oauthbearer.jwks.endpoint.retry.backoff.max.ms = 10000
	sasl.oauthbearer.jwks.endpoint.retry.backoff.ms = 100
	sasl.oauthbearer.jwks.endpoint.url = null
	sasl.oauthbearer.jwt.retriever.class = class org.apache.kafka.common.security.oauthbearer.DefaultJwtRetriever
	sasl.oauthbearer.jwt.validator.class = class org.apache.kafka.common.security.oauthbearer.DefaultJwtValidator
	sasl.oauthbearer.scope = null
	sasl.oauthbearer.scope.claim.name = scope
	sasl.oauthbearer.sub.claim.name = sub
	sasl.oauthbearer.token.endpoint.url = null
	security.protocol = PLAINTEXT
	security.providers = null
	send.buffer.bytes = 131072
	session.timeout.ms = 45000
	share.acknowledgement.mode = implicit
	share.acquire.mode = BATCH_OPTIMIZED
	socket.connection.setup.timeout.max.ms = 30000
	socket.connection.setup.timeout.ms = 10000
	ssl.cipher.suites = []
	ssl.enabled.protocols = [TLSv1.2, TLSv1.3]
	ssl.endpoint.identification.algorithm = https
	ssl.engine.factory.class = null
	ssl.key.password = null
	ssl.keymanager.algorithm = SunX509
	ssl.keystore.certificate.chain = null
	ssl.keystore.key = null
	ssl.keystore.location = null
	ssl.keystore.password = null
	ssl.keystore.type = JKS
	ssl.protocol = TLSv1.3
	ssl.provider = null
	ssl.secure.random.implementation = null
	ssl.trustmanager.algorithm = PKIX
	ssl.truststore.certificates = null
	ssl.truststore.location = null
	ssl.truststore.password = null
	ssl.truststore.type = JKS
	value.deserializer = class org.apache.kafka.common.serialization.StringDeserializer

2026-09-28 18:14:05.905 INFO 
				
				[main] o.a.k.c.t.i.KafkaMetricsCollector - initializing Kafka metrics collector
2026-09-28 18:14:05.915 INFO 
				
				[main] o.a.kafka.common.utils.AppInfoParser - Kafka version: 4.2.1
2026-09-28 18:14:05.916 INFO 
				
				[main] o.a.kafka.common.utils.AppInfoParser - Kafka commitId: 92f61c44867f39dc
2026-09-28 18:14:05.916 INFO 
				
				[main] o.a.kafka.common.utils.AppInfoParser - Kafka startTimeMs: 1790599445915
2026-09-28 18:14:05.916 INFO 
				
				[main] o.a.k.c.c.i.ClassicKafkaConsumer - [Consumer clientId=consumer-notification-group-retry-8000-2, groupId=notification-group-retry-8000] Subscribed to topic(s): notification-topic-retry-8000
2026-09-28 18:14:05.918 INFO 
				
				[main] o.a.k.common.config.AbstractConfig - ConsumerConfig values: 
	allow.auto.create.topics = true
	auto.commit.interval.ms = 5000
	auto.offset.reset = earliest
	bootstrap.servers = [localhost:9092]
	check.crcs = true
	client.dns.lookup = use_all_dns_ips
	client.id = consumer-notification-group.DLT-3
	client.rack = 
	config.providers = []
	connections.max.idle.ms = 540000
	default.api.timeout.ms = 60000
	enable.auto.commit = false
	enable.metrics.push = true
	exclude.internal.topics = true
	fetch.max.bytes = 52428800
	fetch.max.wait.ms = 500
	fetch.min.bytes = 1
	group.id = notification-group.DLT
	group.instance.id = null
	group.protocol = classic
	group.remote.assignor = null
	heartbeat.interval.ms = 3000
	interceptor.classes = []
	internal.throw.on.fetch.stable.offset.unsupported = false
	isolation.level = read_uncommitted
	key.deserializer = class org.apache.kafka.common.serialization.LongDeserializer
	max.partition.fetch.bytes = 1048576
	max.poll.interval.ms = 300000
	max.poll.records = 500
	metadata.max.age.ms = 300000
	metadata.recovery.rebootstrap.trigger.ms = 300000
	metadata.recovery.strategy = rebootstrap
	metric.reporters = [org.apache.kafka.common.metrics.JmxReporter]
	metrics.num.samples = 2
	metrics.recording.level = INFO
	metrics.sample.window.ms = 30000
	partition.assignment.strategy = [class org.apache.kafka.clients.consumer.RangeAssignor, class org.apache.kafka.clients.consumer.CooperativeStickyAssignor]
	receive.buffer.bytes = 65536
	reconnect.backoff.max.ms = 1000
	reconnect.backoff.ms = 50
	request.timeout.ms = 30000
	retry.backoff.max.ms = 1000
	retry.backoff.ms = 100
	sasl.client.callback.handler.class = null
	sasl.jaas.config = null
	sasl.kerberos.kinit.cmd = /usr/bin/kinit
	sasl.kerberos.min.time.before.relogin = 60000
	sasl.kerberos.service.name = null
	sasl.kerberos.ticket.renew.jitter = 0.05
	sasl.kerberos.ticket.renew.window.factor = 0.8
	sasl.login.callback.handler.class = null
	sasl.login.class = null
	sasl.login.connect.timeout.ms = null
	sasl.login.read.timeout.ms = null
	sasl.login.refresh.buffer.seconds = 300
	sasl.login.refresh.min.period.seconds = 60
	sasl.login.refresh.window.factor = 0.8
	sasl.login.refresh.window.jitter = 0.05
	sasl.login.retry.backoff.max.ms = 10000
	sasl.login.retry.backoff.ms = 100
	sasl.mechanism = GSSAPI
	sasl.oauthbearer.assertion.algorithm = RS256
	sasl.oauthbearer.assertion.claim.aud = null
	sasl.oauthbearer.assertion.claim.exp.seconds = 300
	sasl.oauthbearer.assertion.claim.iss = null
	sasl.oauthbearer.assertion.claim.jti.include = false
	sasl.oauthbearer.assertion.claim.nbf.seconds = 60
	sasl.oauthbearer.assertion.claim.sub = null
	sasl.oauthbearer.assertion.file = null
	sasl.oauthbearer.assertion.private.key.file = null
	sasl.oauthbearer.assertion.private.key.passphrase = null
	sasl.oauthbearer.assertion.template.file = null
	sasl.oauthbearer.client.credentials.client.id = null
	sasl.oauthbearer.client.credentials.client.secret = null
	sasl.oauthbearer.clock.skew.seconds = 30
	sasl.oauthbearer.expected.audience = []
	sasl.oauthbearer.expected.issuer = null
	sasl.oauthbearer.header.urlencode = false
	sasl.oauthbearer.jwks.endpoint.refresh.ms = 3600000
	sasl.oauthbearer.jwks.endpoint.retry.backoff.max.ms = 10000
	sasl.oauthbearer.jwks.endpoint.retry.backoff.ms = 100
	sasl.oauthbearer.jwks.endpoint.url = null
	sasl.oauthbearer.jwt.retriever.class = class org.apache.kafka.common.security.oauthbearer.DefaultJwtRetriever
	sasl.oauthbearer.jwt.validator.class = class org.apache.kafka.common.security.oauthbearer.DefaultJwtValidator
	sasl.oauthbearer.scope = null
	sasl.oauthbearer.scope.claim.name = scope
	sasl.oauthbearer.sub.claim.name = sub
	sasl.oauthbearer.token.endpoint.url = null
	security.protocol = PLAINTEXT
	security.providers = null
	send.buffer.bytes = 131072
	session.timeout.ms = 45000
	share.acknowledgement.mode = implicit
	share.acquire.mode = BATCH_OPTIMIZED
	socket.connection.setup.timeout.max.ms = 30000
	socket.connection.setup.timeout.ms = 10000
	ssl.cipher.suites = []
	ssl.enabled.protocols = [TLSv1.2, TLSv1.3]
	ssl.endpoint.identification.algorithm = https
	ssl.engine.factory.class = null
	ssl.key.password = null
	ssl.keymanager.algorithm = SunX509
	ssl.keystore.certificate.chain = null
	ssl.keystore.key = null
	ssl.keystore.location = null
	ssl.keystore.password = null
	ssl.keystore.type = JKS
	ssl.protocol = TLSv1.3
	ssl.provider = null
	ssl.secure.random.implementation = null
	ssl.trustmanager.algorithm = PKIX
	ssl.truststore.certificates = null
	ssl.truststore.location = null
	ssl.truststore.password = null
	ssl.truststore.type = JKS
	value.deserializer = class org.apache.kafka.common.serialization.StringDeserializer

2026-09-28 18:14:05.919 INFO 
				
				[main] o.a.k.c.t.i.KafkaMetricsCollector - initializing Kafka metrics collector
2026-09-28 18:14:05.927 INFO 
				
				[main] o.a.kafka.common.utils.AppInfoParser - Kafka version: 4.2.1
2026-09-28 18:14:05.927 INFO 
				
				[main] o.a.kafka.common.utils.AppInfoParser - Kafka commitId: 92f61c44867f39dc
2026-09-28 18:14:05.927 INFO 
				
				[main] o.a.kafka.common.utils.AppInfoParser - Kafka startTimeMs: 1790599445927
2026-09-28 18:14:05.927 INFO 
				
				[main] o.a.k.c.c.i.ClassicKafkaConsumer - [Consumer clientId=consumer-notification-group.DLT-3, groupId=notification-group.DLT] Subscribed to topic(s): notification-topic.DLT
2026-09-28 18:14:05.929 INFO 
				
				[main] o.a.k.common.config.AbstractConfig - ConsumerConfig values: 
	allow.auto.create.topics = true
	auto.commit.interval.ms = 5000
	auto.offset.reset = earliest
	bootstrap.servers = [localhost:9092]
	check.crcs = true
	client.dns.lookup = use_all_dns_ips
	client.id = consumer-notification-group-retry-4000-4
	client.rack = 
	config.providers = []
	connections.max.idle.ms = 540000
	default.api.timeout.ms = 60000
	enable.auto.commit = false
	enable.metrics.push = true
	exclude.internal.topics = true
	fetch.max.bytes = 52428800
	fetch.max.wait.ms = 500
	fetch.min.bytes = 1
	group.id = notification-group-retry-4000
	group.instance.id = null
	group.protocol = classic
	group.remote.assignor = null
	heartbeat.interval.ms = 3000
	interceptor.classes = []
	internal.throw.on.fetch.stable.offset.unsupported = false
	isolation.level = read_uncommitted
	key.deserializer = class org.apache.kafka.common.serialization.LongDeserializer
	max.partition.fetch.bytes = 1048576
	max.poll.interval.ms = 300000
	max.poll.records = 500
	metadata.max.age.ms = 300000
	metadata.recovery.rebootstrap.trigger.ms = 300000
	metadata.recovery.strategy = rebootstrap
	metric.reporters = [org.apache.kafka.common.metrics.JmxReporter]
	metrics.num.samples = 2
	metrics.recording.level = INFO
	metrics.sample.window.ms = 30000
	partition.assignment.strategy = [class org.apache.kafka.clients.consumer.RangeAssignor, class org.apache.kafka.clients.consumer.CooperativeStickyAssignor]
	receive.buffer.bytes = 65536
	reconnect.backoff.max.ms = 1000
	reconnect.backoff.ms = 50
	request.timeout.ms = 30000
	retry.backoff.max.ms = 1000
	retry.backoff.ms = 100
	sasl.client.callback.handler.class = null
	sasl.jaas.config = null
	sasl.kerberos.kinit.cmd = /usr/bin/kinit
	sasl.kerberos.min.time.before.relogin = 60000
	sasl.kerberos.service.name = null
	sasl.kerberos.ticket.renew.jitter = 0.05
	sasl.kerberos.ticket.renew.window.factor = 0.8
	sasl.login.callback.handler.class = null
	sasl.login.class = null
	sasl.login.connect.timeout.ms = null
	sasl.login.read.timeout.ms = null
	sasl.login.refresh.buffer.seconds = 300
	sasl.login.refresh.min.period.seconds = 60
	sasl.login.refresh.window.factor = 0.8
	sasl.login.refresh.window.jitter = 0.05
	sasl.login.retry.backoff.max.ms = 10000
	sasl.login.retry.backoff.ms = 100
	sasl.mechanism = GSSAPI
	sasl.oauthbearer.assertion.algorithm = RS256
	sasl.oauthbearer.assertion.claim.aud = null
	sasl.oauthbearer.assertion.claim.exp.seconds = 300
	sasl.oauthbearer.assertion.claim.iss = null
	sasl.oauthbearer.assertion.claim.jti.include = false
	sasl.oauthbearer.assertion.claim.nbf.seconds = 60
	sasl.oauthbearer.assertion.claim.sub = null
	sasl.oauthbearer.assertion.file = null
	sasl.oauthbearer.assertion.private.key.file = null
	sasl.oauthbearer.assertion.private.key.passphrase = null
	sasl.oauthbearer.assertion.template.file = null
	sasl.oauthbearer.client.credentials.client.id = null
	sasl.oauthbearer.client.credentials.client.secret = null
	sasl.oauthbearer.clock.skew.seconds = 30
	sasl.oauthbearer.expected.audience = []
	sasl.oauthbearer.expected.issuer = null
	sasl.oauthbearer.header.urlencode = false
	sasl.oauthbearer.jwks.endpoint.refresh.ms = 3600000
	sasl.oauthbearer.jwks.endpoint.retry.backoff.max.ms = 10000
	sasl.oauthbearer.jwks.endpoint.retry.backoff.ms = 100
	sasl.oauthbearer.jwks.endpoint.url = null
	sasl.oauthbearer.jwt.retriever.class = class org.apache.kafka.common.security.oauthbearer.DefaultJwtRetriever
	sasl.oauthbearer.jwt.validator.class = class org.apache.kafka.common.security.oauthbearer.DefaultJwtValidator
	sasl.oauthbearer.scope = null
	sasl.oauthbearer.scope.claim.name = scope
	sasl.oauthbearer.sub.claim.name = sub
	sasl.oauthbearer.token.endpoint.url = null
	security.protocol = PLAINTEXT
	security.providers = null
	send.buffer.bytes = 131072
	session.timeout.ms = 45000
	share.acknowledgement.mode = implicit
	share.acquire.mode = BATCH_OPTIMIZED
	socket.connection.setup.timeout.max.ms = 30000
	socket.connection.setup.timeout.ms = 10000
	ssl.cipher.suites = []
	ssl.enabled.protocols = [TLSv1.2, TLSv1.3]
	ssl.endpoint.identification.algorithm = https
	ssl.engine.factory.class = null
	ssl.key.password = null
	ssl.keymanager.algorithm = SunX509
	ssl.keystore.certificate.chain = null
	ssl.keystore.key = null
	ssl.keystore.location = null
	ssl.keystore.password = null
	ssl.keystore.type = JKS
	ssl.protocol = TLSv1.3
	ssl.provider = null
	ssl.secure.random.implementation = null
	ssl.trustmanager.algorithm = PKIX
	ssl.truststore.certificates = null
	ssl.truststore.location = null
	ssl.truststore.password = null
	ssl.truststore.type = JKS
	value.deserializer = class org.apache.kafka.common.serialization.StringDeserializer

2026-09-28 18:14:05.930 INFO 
				
				[main] o.a.k.c.t.i.KafkaMetricsCollector - initializing Kafka metrics collector
2026-09-28 18:14:05.933 INFO 
				
				[#0-retry-8000-0-C-1] org.apache.kafka.clients.Metadata - [Consumer clientId=consumer-notification-group-retry-8000-2, groupId=notification-group-retry-8000] Cluster ID: 5L6g3nShT-eMCtK--X86sw
2026-09-28 18:14:05.933 INFO 
				
				[#0-retry-2000-0-C-1] org.apache.kafka.clients.Metadata - [Consumer clientId=consumer-notification-group-retry-2000-1, groupId=notification-group-retry-2000] Cluster ID: 5L6g3nShT-eMCtK--X86sw
2026-09-28 18:14:05.936 INFO 
				
				[main] o.a.kafka.common.utils.AppInfoParser - Kafka version: 4.2.1
2026-09-28 18:14:05.936 INFO 
				
				[main] o.a.kafka.common.utils.AppInfoParser - Kafka commitId: 92f61c44867f39dc
2026-09-28 18:14:05.936 INFO 
				
				[main] o.a.kafka.common.utils.AppInfoParser - Kafka startTimeMs: 1790599445936
2026-09-28 18:14:05.936 INFO 
				
				[main] o.a.k.c.c.i.ClassicKafkaConsumer - [Consumer clientId=consumer-notification-group-retry-4000-4, groupId=notification-group-retry-4000] Subscribed to topic(s): notification-topic-retry-4000
2026-09-28 18:14:05.937 INFO 
				
				[#0-retry-8000-0-C-1] o.a.k.c.c.i.ConsumerCoordinator - [Consumer clientId=consumer-notification-group-retry-8000-2, groupId=notification-group-retry-8000] Discovered group coordinator localhost:9092 (id: 2147483646 rack: null isFenced: false)
2026-09-28 18:14:05.937 INFO 
				
				[#0-retry-2000-0-C-1] o.a.k.c.c.i.ConsumerCoordinator - [Consumer clientId=consumer-notification-group-retry-2000-1, groupId=notification-group-retry-2000] Discovered group coordinator localhost:9092 (id: 2147483646 rack: null isFenced: false)
2026-09-28 18:14:05.939 INFO 
				
				[#0.DLT-0-C-1] org.apache.kafka.clients.Metadata - [Consumer clientId=consumer-notification-group.DLT-3, groupId=notification-group.DLT] Cluster ID: 5L6g3nShT-eMCtK--X86sw
2026-09-28 18:14:05.939 INFO 
				
				[main] o.a.k.common.config.AbstractConfig - ConsumerConfig values: 
	allow.auto.create.topics = true
	auto.commit.interval.ms = 5000
	auto.offset.reset = earliest
	bootstrap.servers = [localhost:9092]
	check.crcs = true
	client.dns.lookup = use_all_dns_ips
	client.id = consumer-notification-group-5
	client.rack = 
	config.providers = []
	connections.max.idle.ms = 540000
	default.api.timeout.ms = 60000
	enable.auto.commit = false
	enable.metrics.push = true
	exclude.internal.topics = true
	fetch.max.bytes = 52428800
	fetch.max.wait.ms = 500
	fetch.min.bytes = 1
	group.id = notification-group
	group.instance.id = null
	group.protocol = classic
	group.remote.assignor = null
	heartbeat.interval.ms = 3000
	interceptor.classes = []
	internal.throw.on.fetch.stable.offset.unsupported = false
	isolation.level = read_uncommitted
	key.deserializer = class org.apache.kafka.common.serialization.LongDeserializer
	max.partition.fetch.bytes = 1048576
	max.poll.interval.ms = 300000
	max.poll.records = 500
	metadata.max.age.ms = 300000
	metadata.recovery.rebootstrap.trigger.ms = 300000
	metadata.recovery.strategy = rebootstrap
	metric.reporters = [org.apache.kafka.common.metrics.JmxReporter]
	metrics.num.samples = 2
	metrics.recording.level = INFO
	metrics.sample.window.ms = 30000
	partition.assignment.strategy = [class org.apache.kafka.clients.consumer.RangeAssignor, class org.apache.kafka.clients.consumer.CooperativeStickyAssignor]
	receive.buffer.bytes = 65536
	reconnect.backoff.max.ms = 1000
	reconnect.backoff.ms = 50
	request.timeout.ms = 30000
	retry.backoff.max.ms = 1000
	retry.backoff.ms = 100
	sasl.client.callback.handler.class = null
	sasl.jaas.config = null
	sasl.kerberos.kinit.cmd = /usr/bin/kinit
	sasl.kerberos.min.time.before.relogin = 60000
	sasl.kerberos.service.name = null
	sasl.kerberos.ticket.renew.jitter = 0.05
	sasl.kerberos.ticket.renew.window.factor = 0.8
	sasl.login.callback.handler.class = null
	sasl.login.class = null
	sasl.login.connect.timeout.ms = null
	sasl.login.read.timeout.ms = null
	sasl.login.refresh.buffer.seconds = 300
	sasl.login.refresh.min.period.seconds = 60
	sasl.login.refresh.window.factor = 0.8
	sasl.login.refresh.window.jitter = 0.05
	sasl.login.retry.backoff.max.ms = 10000
	sasl.login.retry.backoff.ms = 100
	sasl.mechanism = GSSAPI
	sasl.oauthbearer.assertion.algorithm = RS256
	sasl.oauthbearer.assertion.claim.aud = null
	sasl.oauthbearer.assertion.claim.exp.seconds = 300
	sasl.oauthbearer.assertion.claim.iss = null
	sasl.oauthbearer.assertion.claim.jti.include = false
	sasl.oauthbearer.assertion.claim.nbf.seconds = 60
	sasl.oauthbearer.assertion.claim.sub = null
	sasl.oauthbearer.assertion.file = null
	sasl.oauthbearer.assertion.private.key.file = null
	sasl.oauthbearer.assertion.private.key.passphrase = null
	sasl.oauthbearer.assertion.template.file = null
	sasl.oauthbearer.client.credentials.client.id = null
	sasl.oauthbearer.client.credentials.client.secret = null
	sasl.oauthbearer.clock.skew.seconds = 30
	sasl.oauthbearer.expected.audience = []
	sasl.oauthbearer.expected.issuer = null
	sasl.oauthbearer.header.urlencode = false
	sasl.oauthbearer.jwks.endpoint.refresh.ms = 3600000
	sasl.oauthbearer.jwks.endpoint.retry.backoff.max.ms = 10000
	sasl.oauthbearer.jwks.endpoint.retry.backoff.ms = 100
	sasl.oauthbearer.jwks.endpoint.url = null
	sasl.oauthbearer.jwt.retriever.class = class org.apache.kafka.common.security.oauthbearer.DefaultJwtRetriever
	sasl.oauthbearer.jwt.validator.class = class org.apache.kafka.common.security.oauthbearer.DefaultJwtValidator
	sasl.oauthbearer.scope = null
	sasl.oauthbearer.scope.claim.name = scope
	sasl.oauthbearer.sub.claim.name = sub
	sasl.oauthbearer.token.endpoint.url = null
	security.protocol = PLAINTEXT
	security.providers = null
	send.buffer.bytes = 131072
	session.timeout.ms = 45000
	share.acknowledgement.mode = implicit
	share.acquire.mode = BATCH_OPTIMIZED
	socket.connection.setup.timeout.max.ms = 30000
	socket.connection.setup.timeout.ms = 10000
	ssl.cipher.suites = []
	ssl.enabled.protocols = [TLSv1.2, TLSv1.3]
	ssl.endpoint.identification.algorithm = https
	ssl.engine.factory.class = null
	ssl.key.password = null
	ssl.keymanager.algorithm = SunX509
	ssl.keystore.certificate.chain = null
	ssl.keystore.key = null
	ssl.keystore.location = null
	ssl.keystore.password = null
	ssl.keystore.type = JKS
	ssl.protocol = TLSv1.3
	ssl.provider = null
	ssl.secure.random.implementation = null
	ssl.trustmanager.algorithm = PKIX
	ssl.truststore.certificates = null
	ssl.truststore.location = null
	ssl.truststore.password = null
	ssl.truststore.type = JKS
	value.deserializer = class org.apache.kafka.common.serialization.StringDeserializer

2026-09-28 18:14:05.940 INFO 
				
				[main] o.a.k.c.t.i.KafkaMetricsCollector - initializing Kafka metrics collector
2026-09-28 18:14:05.940 INFO 
				
				[#0.DLT-0-C-1] o.a.k.c.c.i.ConsumerCoordinator - [Consumer clientId=consumer-notification-group.DLT-3, groupId=notification-group.DLT] Discovered group coordinator localhost:9092 (id: 2147483646 rack: null isFenced: false)
2026-09-28 18:14:05.941 INFO 
				
				[#0-retry-2000-0-C-1] o.a.k.c.c.i.ConsumerCoordinator - [Consumer clientId=consumer-notification-group-retry-2000-1, groupId=notification-group-retry-2000] (Re-)joining group
2026-09-28 18:14:05.941 INFO 
				
				[#0-retry-8000-0-C-1] o.a.k.c.c.i.ConsumerCoordinator - [Consumer clientId=consumer-notification-group-retry-8000-2, groupId=notification-group-retry-8000] (Re-)joining group
2026-09-28 18:14:05.942 INFO 
				
				[#0.DLT-0-C-1] o.a.k.c.c.i.ConsumerCoordinator - [Consumer clientId=consumer-notification-group.DLT-3, groupId=notification-group.DLT] (Re-)joining group
2026-09-28 18:14:05.946 INFO 
				
				[main] o.a.kafka.common.utils.AppInfoParser - Kafka version: 4.2.1
2026-09-28 18:14:05.946 INFO 
				
				[main] o.a.kafka.common.utils.AppInfoParser - Kafka commitId: 92f61c44867f39dc
2026-09-28 18:14:05.946 INFO 
				
				[main] o.a.kafka.common.utils.AppInfoParser - Kafka startTimeMs: 1790599445945
2026-09-28 18:14:05.946 INFO 
				
				[main] o.a.k.c.c.i.ClassicKafkaConsumer - [Consumer clientId=consumer-notification-group-5, groupId=notification-group] Subscribed to topic(s): notification-topic
2026-09-28 18:14:05.949 INFO 
				
				[#0-retry-4000-0-C-1] org.apache.kafka.clients.Metadata - [Consumer clientId=consumer-notification-group-retry-4000-4, groupId=notification-group-retry-4000] Cluster ID: 5L6g3nShT-eMCtK--X86sw
2026-09-28 18:14:05.950 INFO 
				
				[#0-retry-4000-0-C-1] o.a.k.c.c.i.ConsumerCoordinator - [Consumer clientId=consumer-notification-group-retry-4000-4, groupId=notification-group-retry-4000] Discovered group coordinator localhost:9092 (id: 2147483646 rack: null isFenced: false)
2026-09-28 18:14:05.952 INFO 
				
				[#0-retry-4000-0-C-1] o.a.k.c.c.i.ConsumerCoordinator - [Consumer clientId=consumer-notification-group-retry-4000-4, groupId=notification-group-retry-4000] (Re-)joining group
2026-09-28 18:14:05.956 INFO 
				
				[main] c.k.m.MicroserviceNotificationConsumerApplication - Started MicroserviceNotificationConsumerApplication in 3.614 seconds (process running for 3.913)
2026-09-28 18:14:05.957 INFO 
				
				[#0-0-C-1] org.apache.kafka.clients.Metadata - [Consumer clientId=consumer-notification-group-5, groupId=notification-group] Cluster ID: 5L6g3nShT-eMCtK--X86sw
2026-09-28 18:14:05.958 INFO 
				
				[#0-0-C-1] o.a.k.c.c.i.ConsumerCoordinator - [Consumer clientId=consumer-notification-group-5, groupId=notification-group] Discovered group coordinator localhost:9092 (id: 2147483646 rack: null isFenced: false)
2026-09-28 18:14:05.960 INFO 
				
				[#0-0-C-1] o.a.k.c.c.i.ConsumerCoordinator - [Consumer clientId=consumer-notification-group-5, groupId=notification-group] (Re-)joining group
2026-09-28 18:14:05.967 INFO 
				
				[#0.DLT-0-C-1] o.a.k.c.c.i.ConsumerCoordinator - [Consumer clientId=consumer-notification-group.DLT-3, groupId=notification-group.DLT] Request joining group due to: need to re-join with the given member-id: consumer-notification-group.DLT-3-44f09022-4ebf-4859-8fc3-0a76620cbc98
2026-09-28 18:14:05.967 INFO 
				
				[#0-retry-2000-0-C-1] o.a.k.c.c.i.ConsumerCoordinator - [Consumer clientId=consumer-notification-group-retry-2000-1, groupId=notification-group-retry-2000] Request joining group due to: need to re-join with the given member-id: consumer-notification-group-retry-2000-1-a88ad135-8f11-46f0-86de-0c5cea2f409c
2026-09-28 18:14:05.967 INFO 
				
				[#0-retry-8000-0-C-1] o.a.k.c.c.i.ConsumerCoordinator - [Consumer clientId=consumer-notification-group-retry-8000-2, groupId=notification-group-retry-8000] Request joining group due to: need to re-join with the given member-id: consumer-notification-group-retry-8000-2-a8588236-cfa3-4146-a9b7-93948de72eaa
2026-09-28 18:14:05.967 INFO 
				
				[#0-retry-4000-0-C-1] o.a.k.c.c.i.ConsumerCoordinator - [Consumer clientId=consumer-notification-group-retry-4000-4, groupId=notification-group-retry-4000] Request joining group due to: need to re-join with the given member-id: consumer-notification-group-retry-4000-4-3a0a8fc2-7368-4f96-bcb9-1a4cae16e9e0
2026-09-28 18:14:05.967 INFO 
				
				[#0.DLT-0-C-1] o.a.k.c.c.i.ConsumerCoordinator - [Consumer clientId=consumer-notification-group.DLT-3, groupId=notification-group.DLT] (Re-)joining group
2026-09-28 18:14:05.967 INFO 
				
				[#0-retry-2000-0-C-1] o.a.k.c.c.i.ConsumerCoordinator - [Consumer clientId=consumer-notification-group-retry-2000-1, groupId=notification-group-retry-2000] (Re-)joining group
2026-09-28 18:14:05.967 INFO 
				
				[#0-retry-4000-0-C-1] o.a.k.c.c.i.ConsumerCoordinator - [Consumer clientId=consumer-notification-group-retry-4000-4, groupId=notification-group-retry-4000] (Re-)joining group
2026-09-28 18:14:05.967 INFO 
				
				[#0-retry-8000-0-C-1] o.a.k.c.c.i.ConsumerCoordinator - [Consumer clientId=consumer-notification-group-retry-8000-2, groupId=notification-group-retry-8000] (Re-)joining group
2026-09-28 18:14:05.969 INFO 
				
				[#0-0-C-1] o.a.k.c.c.i.ConsumerCoordinator - [Consumer clientId=consumer-notification-group-5, groupId=notification-group] Request joining group due to: need to re-join with the given member-id: consumer-notification-group-5-3d22d482-fb09-428c-a66d-6b6bc436a71d
2026-09-28 18:14:05.969 INFO 
				
				[#0-0-C-1] o.a.k.c.c.i.ConsumerCoordinator - [Consumer clientId=consumer-notification-group-5, groupId=notification-group] (Re-)joining group
2026-09-28 18:14:05.975 INFO 
				
				[#0-retry-8000-0-C-1] o.a.k.c.c.i.ConsumerCoordinator - [Consumer clientId=consumer-notification-group-retry-8000-2, groupId=notification-group-retry-8000] Successfully joined group with generation Generation{generationId=5, memberId='consumer-notification-group-retry-8000-2-a8588236-cfa3-4146-a9b7-93948de72eaa', protocol='range'}
2026-09-28 18:14:05.975 INFO 
				
				[#0-0-C-1] o.a.k.c.c.i.ConsumerCoordinator - [Consumer clientId=consumer-notification-group-5, groupId=notification-group] Successfully joined group with generation Generation{generationId=14, memberId='consumer-notification-group-5-3d22d482-fb09-428c-a66d-6b6bc436a71d', protocol='range'}
2026-09-28 18:14:05.975 INFO 
				
				[#0-retry-4000-0-C-1] o.a.k.c.c.i.ConsumerCoordinator - [Consumer clientId=consumer-notification-group-retry-4000-4, groupId=notification-group-retry-4000] Successfully joined group with generation Generation{generationId=5, memberId='consumer-notification-group-retry-4000-4-3a0a8fc2-7368-4f96-bcb9-1a4cae16e9e0', protocol='range'}
2026-09-28 18:14:05.975 INFO 
				
				[#0.DLT-0-C-1] o.a.k.c.c.i.ConsumerCoordinator - [Consumer clientId=consumer-notification-group.DLT-3, groupId=notification-group.DLT] Successfully joined group with generation Generation{generationId=5, memberId='consumer-notification-group.DLT-3-44f09022-4ebf-4859-8fc3-0a76620cbc98', protocol='range'}
2026-09-28 18:14:05.975 INFO 
				
				[#0-retry-2000-0-C-1] o.a.k.c.c.i.ConsumerCoordinator - [Consumer clientId=consumer-notification-group-retry-2000-1, groupId=notification-group-retry-2000] Successfully joined group with generation Generation{generationId=5, memberId='consumer-notification-group-retry-2000-1-a88ad135-8f11-46f0-86de-0c5cea2f409c', protocol='range'}
2026-09-28 18:14:05.984 INFO 
				
				[#0-0-C-1] o.a.k.c.c.i.ConsumerCoordinator - [Consumer clientId=consumer-notification-group-5, groupId=notification-group] Finished assignment for group at generation 14: {consumer-notification-group-5-3d22d482-fb09-428c-a66d-6b6bc436a71d=Assignment(partitions=[notification-topic-0, notification-topic-1, notification-topic-2])}
2026-09-28 18:14:05.985 INFO 
				
				[#0.DLT-0-C-1] o.a.k.c.c.i.ConsumerCoordinator - [Consumer clientId=consumer-notification-group.DLT-3, groupId=notification-group.DLT] Finished assignment for group at generation 5: {consumer-notification-group.DLT-3-44f09022-4ebf-4859-8fc3-0a76620cbc98=Assignment(partitions=[notification-topic.DLT-0])}
2026-09-28 18:14:05.984 INFO 
				
				[#0-retry-8000-0-C-1] o.a.k.c.c.i.ConsumerCoordinator - [Consumer clientId=consumer-notification-group-retry-8000-2, groupId=notification-group-retry-8000] Finished assignment for group at generation 5: {consumer-notification-group-retry-8000-2-a8588236-cfa3-4146-a9b7-93948de72eaa=Assignment(partitions=[notification-topic-retry-8000-0])}
2026-09-28 18:14:05.984 INFO 
				
				[#0-retry-4000-0-C-1] o.a.k.c.c.i.ConsumerCoordinator - [Consumer clientId=consumer-notification-group-retry-4000-4, groupId=notification-group-retry-4000] Finished assignment for group at generation 5: {consumer-notification-group-retry-4000-4-3a0a8fc2-7368-4f96-bcb9-1a4cae16e9e0=Assignment(partitions=[notification-topic-retry-4000-0])}
2026-09-28 18:14:05.985 INFO 
				
				[#0-retry-2000-0-C-1] o.a.k.c.c.i.ConsumerCoordinator - [Consumer clientId=consumer-notification-group-retry-2000-1, groupId=notification-group-retry-2000] Finished assignment for group at generation 5: {consumer-notification-group-retry-2000-1-a88ad135-8f11-46f0-86de-0c5cea2f409c=Assignment(partitions=[notification-topic-retry-2000-0])}
2026-09-28 18:14:05.993 INFO 
				
				[#0-retry-4000-0-C-1] o.a.k.c.c.i.ConsumerCoordinator - [Consumer clientId=consumer-notification-group-retry-4000-4, groupId=notification-group-retry-4000] Successfully synced group in generation Generation{generationId=5, memberId='consumer-notification-group-retry-4000-4-3a0a8fc2-7368-4f96-bcb9-1a4cae16e9e0', protocol='range'}
2026-09-28 18:14:05.993 INFO 
				
				[#0.DLT-0-C-1] o.a.k.c.c.i.ConsumerCoordinator - [Consumer clientId=consumer-notification-group.DLT-3, groupId=notification-group.DLT] Successfully synced group in generation Generation{generationId=5, memberId='consumer-notification-group.DLT-3-44f09022-4ebf-4859-8fc3-0a76620cbc98', protocol='range'}
2026-09-28 18:14:05.993 INFO 
				
				[#0-retry-2000-0-C-1] o.a.k.c.c.i.ConsumerCoordinator - [Consumer clientId=consumer-notification-group-retry-2000-1, groupId=notification-group-retry-2000] Successfully synced group in generation Generation{generationId=5, memberId='consumer-notification-group-retry-2000-1-a88ad135-8f11-46f0-86de-0c5cea2f409c', protocol='range'}
2026-09-28 18:14:05.993 INFO 
				
				[#0-0-C-1] o.a.k.c.c.i.ConsumerCoordinator - [Consumer clientId=consumer-notification-group-5, groupId=notification-group] Successfully synced group in generation Generation{generationId=14, memberId='consumer-notification-group-5-3d22d482-fb09-428c-a66d-6b6bc436a71d', protocol='range'}
2026-09-28 18:14:05.993 INFO 
				
				[#0-retry-8000-0-C-1] o.a.k.c.c.i.ConsumerCoordinator - [Consumer clientId=consumer-notification-group-retry-8000-2, groupId=notification-group-retry-8000] Successfully synced group in generation Generation{generationId=5, memberId='consumer-notification-group-retry-8000-2-a8588236-cfa3-4146-a9b7-93948de72eaa', protocol='range'}
2026-09-28 18:14:05.994 INFO 
				
				[#0-retry-4000-0-C-1] o.a.k.c.c.i.ConsumerCoordinator - [Consumer clientId=consumer-notification-group-retry-4000-4, groupId=notification-group-retry-4000] Notifying assignor about the new Assignment(partitions=[notification-topic-retry-4000-0])
2026-09-28 18:14:05.994 INFO 
				
				[#0-retry-8000-0-C-1] o.a.k.c.c.i.ConsumerCoordinator - [Consumer clientId=consumer-notification-group-retry-8000-2, groupId=notification-group-retry-8000] Notifying assignor about the new Assignment(partitions=[notification-topic-retry-8000-0])
2026-09-28 18:14:05.994 INFO 
				
				[#0-0-C-1] o.a.k.c.c.i.ConsumerCoordinator - [Consumer clientId=consumer-notification-group-5, groupId=notification-group] Notifying assignor about the new Assignment(partitions=[notification-topic-0, notification-topic-1, notification-topic-2])
2026-09-28 18:14:05.994 INFO 
				
				[#0.DLT-0-C-1] o.a.k.c.c.i.ConsumerCoordinator - [Consumer clientId=consumer-notification-group.DLT-3, groupId=notification-group.DLT] Notifying assignor about the new Assignment(partitions=[notification-topic.DLT-0])
2026-09-28 18:14:05.994 INFO 
				
				[#0-retry-2000-0-C-1] o.a.k.c.c.i.ConsumerCoordinator - [Consumer clientId=consumer-notification-group-retry-2000-1, groupId=notification-group-retry-2000] Notifying assignor about the new Assignment(partitions=[notification-topic-retry-2000-0])
2026-09-28 18:14:05.996 INFO 
				
				[#0-retry-4000-0-C-1] o.a.k.c.c.i.ConsumerRebalanceListenerInvoker - [Consumer clientId=consumer-notification-group-retry-4000-4, groupId=notification-group-retry-4000] Adding newly assigned partitions: [notification-topic-retry-4000-0]
2026-09-28 18:14:05.996 INFO 
				
				[#0-retry-2000-0-C-1] o.a.k.c.c.i.ConsumerRebalanceListenerInvoker - [Consumer clientId=consumer-notification-group-retry-2000-1, groupId=notification-group-retry-2000] Adding newly assigned partitions: [notification-topic-retry-2000-0]
2026-09-28 18:14:05.996 INFO 
				
				[#0.DLT-0-C-1] o.a.k.c.c.i.ConsumerRebalanceListenerInvoker - [Consumer clientId=consumer-notification-group.DLT-3, groupId=notification-group.DLT] Adding newly assigned partitions: [notification-topic.DLT-0]
2026-09-28 18:14:05.996 INFO 
				
				[#0-0-C-1] o.a.k.c.c.i.ConsumerRebalanceListenerInvoker - [Consumer clientId=consumer-notification-group-5, groupId=notification-group] Adding newly assigned partitions: [notification-topic-0, notification-topic-1, notification-topic-2]
2026-09-28 18:14:05.996 INFO 
				
				[#0-retry-8000-0-C-1] o.a.k.c.c.i.ConsumerRebalanceListenerInvoker - [Consumer clientId=consumer-notification-group-retry-8000-2, groupId=notification-group-retry-8000] Adding newly assigned partitions: [notification-topic-retry-8000-0]
2026-09-28 18:14:06.009 INFO 
				
				[#0-0-C-1] o.a.k.c.c.i.ConsumerCoordinator - [Consumer clientId=consumer-notification-group-5, groupId=notification-group] Found no committed offset for partition notification-topic-0
2026-09-28 18:14:06.009 INFO 
				
				[#0-retry-8000-0-C-1] o.a.k.c.c.i.ConsumerCoordinator - [Consumer clientId=consumer-notification-group-retry-8000-2, groupId=notification-group-retry-8000] Found no committed offset for partition notification-topic-retry-8000-0
2026-09-28 18:14:06.009 INFO 
				
				[#0.DLT-0-C-1] o.a.k.c.c.i.ConsumerCoordinator - [Consumer clientId=consumer-notification-group.DLT-3, groupId=notification-group.DLT] Found no committed offset for partition notification-topic.DLT-0
2026-09-28 18:14:06.009 INFO 
				
				[#0-retry-4000-0-C-1] o.a.k.c.c.i.ConsumerCoordinator - [Consumer clientId=consumer-notification-group-retry-4000-4, groupId=notification-group-retry-4000] Found no committed offset for partition notification-topic-retry-4000-0
2026-09-28 18:14:06.009 INFO 
				
				[#0-retry-2000-0-C-1] o.a.k.c.c.i.ConsumerCoordinator - [Consumer clientId=consumer-notification-group-retry-2000-1, groupId=notification-group-retry-2000] Found no committed offset for partition notification-topic-retry-2000-0
2026-09-28 18:14:06.012 INFO 
				
				[#0-0-C-1] o.a.k.c.c.internals.ConsumerUtils - Setting offset for partition notification-topic-1 to the committed offset FetchPosition{offset=1, offsetEpoch=Optional.empty, currentLeader=LeaderAndEpoch{leader=Optional[localhost:9092 (id: 1 rack: null isFenced: false)], epoch=2}}
2026-09-28 18:14:06.016 INFO 
				
				[#0-0-C-1] o.a.k.c.c.internals.ConsumerUtils - Setting offset for partition notification-topic-2 to the committed offset FetchPosition{offset=1, offsetEpoch=Optional.empty, currentLeader=LeaderAndEpoch{leader=Optional[localhost:9092 (id: 1 rack: null isFenced: false)], epoch=2}}
2026-09-28 18:14:06.023 INFO 
				
				[#0-retry-8000-0-C-1] o.a.k.c.c.i.SubscriptionState - [Consumer clientId=consumer-notification-group-retry-8000-2, groupId=notification-group-retry-8000] Resetting offset for partition notification-topic-retry-8000-0 to position FetchPosition{offset=0, offsetEpoch=Optional.empty, currentLeader=LeaderAndEpoch{leader=Optional[localhost:9092 (id: 1 rack: null isFenced: false)], epoch=0}}.
2026-09-28 18:14:06.024 INFO 
				
				[#0-retry-2000-0-C-1] o.a.k.c.c.i.SubscriptionState - [Consumer clientId=consumer-notification-group-retry-2000-1, groupId=notification-group-retry-2000] Resetting offset for partition notification-topic-retry-2000-0 to position FetchPosition{offset=0, offsetEpoch=Optional.empty, currentLeader=LeaderAndEpoch{leader=Optional[localhost:9092 (id: 1 rack: null isFenced: false)], epoch=0}}.
2026-09-28 18:14:06.023 INFO 
				
				[#0.DLT-0-C-1] o.a.k.c.c.i.SubscriptionState - [Consumer clientId=consumer-notification-group.DLT-3, groupId=notification-group.DLT] Resetting offset for partition notification-topic.DLT-0 to position FetchPosition{offset=0, offsetEpoch=Optional.empty, currentLeader=LeaderAndEpoch{leader=Optional[localhost:9092 (id: 1 rack: null isFenced: false)], epoch=0}}.
2026-09-28 18:14:06.024 INFO 
				
				[#0-retry-4000-0-C-1] o.a.k.c.c.i.SubscriptionState - [Consumer clientId=consumer-notification-group-retry-4000-4, groupId=notification-group-retry-4000] Resetting offset for partition notification-topic-retry-4000-0 to position FetchPosition{offset=0, offsetEpoch=Optional.empty, currentLeader=LeaderAndEpoch{leader=Optional[localhost:9092 (id: 1 rack: null isFenced: false)], epoch=0}}.
2026-09-28 18:14:06.025 INFO 
				
				[#0-0-C-1] o.a.k.c.c.i.SubscriptionState - [Consumer clientId=consumer-notification-group-5, groupId=notification-group] Resetting offset for partition notification-topic-0 to position FetchPosition{offset=0, offsetEpoch=Optional.empty, currentLeader=LeaderAndEpoch{leader=Optional[localhost:9092 (id: 1 rack: null isFenced: false)], epoch=2}}.
2026-09-28 18:14:06.025 INFO 
				
				[#0-0-C-1] o.s.k.l.KafkaMessageListenerContainer - notification-group: partitions assigned: [notification-topic-0, notification-topic-1, notification-topic-2]
2026-09-28 18:14:06.025 INFO 
				
				[#0-retry-8000-0-C-1] o.s.k.l.KafkaMessageListenerContainer - notification-group-retry-8000: partitions assigned: [notification-topic-retry-8000-0]
2026-09-28 18:14:06.025 INFO 
				
				[#0-retry-4000-0-C-1] o.s.k.l.KafkaMessageListenerContainer - notification-group-retry-4000: partitions assigned: [notification-topic-retry-4000-0]
2026-09-28 18:14:06.025 INFO 
				
				[#0.DLT-0-C-1] o.s.k.l.KafkaMessageListenerContainer - notification-group.DLT: partitions assigned: [notification-topic.DLT-0]
2026-09-28 18:14:06.025 INFO 
				
				[#0-retry-2000-0-C-1] o.s.k.l.KafkaMessageListenerContainer - notification-group-retry-2000: partitions assigned: [notification-topic-retry-2000-0]
2026-09-28 18:14:17.339 INFO 
				
				[RMI TCP Connection(1)-10.92.45.245] o.s.b.a.SpringApplicationAdminMXBeanRegistrar$SpringApplicationAdmin - Application shutdown requested.
2026-09-28 18:14:17.345 INFO 
				
				[#0-retry-4000-0-C-1] o.a.k.c.c.i.ConsumerRebalanceListenerInvoker - [Consumer clientId=consumer-notification-group-retry-4000-4, groupId=notification-group-retry-4000] Revoke previously assigned partitions [notification-topic-retry-4000-0]
2026-09-28 18:14:17.345 INFO 
				
				[#0-retry-8000-0-C-1] o.a.k.c.c.i.ConsumerRebalanceListenerInvoker - [Consumer clientId=consumer-notification-group-retry-8000-2, groupId=notification-group-retry-8000] Revoke previously assigned partitions [notification-topic-retry-8000-0]
2026-09-28 18:14:17.345 INFO 
				
				[#0-0-C-1] o.a.k.c.c.i.ConsumerRebalanceListenerInvoker - [Consumer clientId=consumer-notification-group-5, groupId=notification-group] Revoke previously assigned partitions [notification-topic-0, notification-topic-1, notification-topic-2]
2026-09-28 18:14:17.345 INFO 
				
				[#0.DLT-0-C-1] o.a.k.c.c.i.ConsumerRebalanceListenerInvoker - [Consumer clientId=consumer-notification-group.DLT-3, groupId=notification-group.DLT] Revoke previously assigned partitions [notification-topic.DLT-0]
2026-09-28 18:14:17.345 INFO 
				
				[#0-retry-2000-0-C-1] o.a.k.c.c.i.ConsumerRebalanceListenerInvoker - [Consumer clientId=consumer-notification-group-retry-2000-1, groupId=notification-group-retry-2000] Revoke previously assigned partitions [notification-topic-retry-2000-0]
2026-09-28 18:14:17.346 INFO 
				
				[#0.DLT-0-C-1] o.s.k.l.KafkaMessageListenerContainer - notification-group.DLT: partitions revoked: [notification-topic.DLT-0]
2026-09-28 18:14:17.346 INFO 
				
				[#0-retry-8000-0-C-1] o.s.k.l.KafkaMessageListenerContainer - notification-group-retry-8000: partitions revoked: [notification-topic-retry-8000-0]
2026-09-28 18:14:17.346 INFO 
				
				[#0-retry-2000-0-C-1] o.s.k.l.KafkaMessageListenerContainer - notification-group-retry-2000: partitions revoked: [notification-topic-retry-2000-0]
2026-09-28 18:14:17.346 INFO 
				
				[#0-retry-4000-0-C-1] o.s.k.l.KafkaMessageListenerContainer - notification-group-retry-4000: partitions revoked: [notification-topic-retry-4000-0]
2026-09-28 18:14:17.346 INFO 
				
				[#0-0-C-1] o.s.k.l.KafkaMessageListenerContainer - notification-group: partitions revoked: [notification-topic-0, notification-topic-1, notification-topic-2]
2026-09-28 18:14:17.347 INFO 
				
				[#0-retry-4000-0-C-1] o.a.k.c.c.i.ConsumerCoordinator - [Consumer clientId=consumer-notification-group-retry-4000-4, groupId=notification-group-retry-4000] Member consumer-notification-group-retry-4000-4-3a0a8fc2-7368-4f96-bcb9-1a4cae16e9e0 sending LeaveGroup request to coordinator localhost:9092 (id: 2147483646 rack: null isFenced: false) due to the consumer unsubscribed from all topics
2026-09-28 18:14:17.347 INFO 
				
				[#0-retry-2000-0-C-1] o.a.k.c.c.i.ConsumerCoordinator - [Consumer clientId=consumer-notification-group-retry-2000-1, groupId=notification-group-retry-2000] Member consumer-notification-group-retry-2000-1-a88ad135-8f11-46f0-86de-0c5cea2f409c sending LeaveGroup request to coordinator localhost:9092 (id: 2147483646 rack: null isFenced: false) due to the consumer unsubscribed from all topics
2026-09-28 18:14:17.347 INFO 
				
				[#0-0-C-1] o.a.k.c.c.i.ConsumerCoordinator - [Consumer clientId=consumer-notification-group-5, groupId=notification-group] Member consumer-notification-group-5-3d22d482-fb09-428c-a66d-6b6bc436a71d sending LeaveGroup request to coordinator localhost:9092 (id: 2147483646 rack: null isFenced: false) due to the consumer unsubscribed from all topics
2026-09-28 18:14:17.347 INFO 
				
				[#0.DLT-0-C-1] o.a.k.c.c.i.ConsumerCoordinator - [Consumer clientId=consumer-notification-group.DLT-3, groupId=notification-group.DLT] Member consumer-notification-group.DLT-3-44f09022-4ebf-4859-8fc3-0a76620cbc98 sending LeaveGroup request to coordinator localhost:9092 (id: 2147483646 rack: null isFenced: false) due to the consumer unsubscribed from all topics
2026-09-28 18:14:17.348 INFO 
				
				[#0-retry-8000-0-C-1] o.a.k.c.c.i.ConsumerCoordinator - [Consumer clientId=consumer-notification-group-retry-8000-2, groupId=notification-group-retry-8000] Member consumer-notification-group-retry-8000-2-a8588236-cfa3-4146-a9b7-93948de72eaa sending LeaveGroup request to coordinator localhost:9092 (id: 2147483646 rack: null isFenced: false) due to the consumer unsubscribed from all topics
2026-09-28 18:14:17.348 INFO 
				
				[#0-retry-4000-0-C-1] o.a.k.c.c.i.ConsumerCoordinator - [Consumer clientId=consumer-notification-group-retry-4000-4, groupId=notification-group-retry-4000] Resetting generation and member id due to: consumer pro-actively leaving the group
2026-09-28 18:14:17.348 INFO 
				
				[#0-0-C-1] o.a.k.c.c.i.ConsumerCoordinator - [Consumer clientId=consumer-notification-group-5, groupId=notification-group] Resetting generation and member id due to: consumer pro-actively leaving the group
2026-09-28 18:14:17.348 INFO 
				
				[#0-retry-2000-0-C-1] o.a.k.c.c.i.ConsumerCoordinator - [Consumer clientId=consumer-notification-group-retry-2000-1, groupId=notification-group-retry-2000] Resetting generation and member id due to: consumer pro-actively leaving the group
2026-09-28 18:14:17.349 INFO 
				
				[#0-0-C-1] o.a.k.c.c.i.ConsumerCoordinator - [Consumer clientId=consumer-notification-group-5, groupId=notification-group] Request joining group due to: consumer pro-actively leaving the group
2026-09-28 18:14:17.349 INFO 
				
				[#0-retry-4000-0-C-1] o.a.k.c.c.i.ConsumerCoordinator - [Consumer clientId=consumer-notification-group-retry-4000-4, groupId=notification-group-retry-4000] Request joining group due to: consumer pro-actively leaving the group
2026-09-28 18:14:17.348 INFO 
				
				[#0.DLT-0-C-1] o.a.k.c.c.i.ConsumerCoordinator - [Consumer clientId=consumer-notification-group.DLT-3, groupId=notification-group.DLT] Resetting generation and member id due to: consumer pro-actively leaving the group
2026-09-28 18:14:17.349 INFO 
				
				[#0-retry-2000-0-C-1] o.a.k.c.c.i.ConsumerCoordinator - [Consumer clientId=consumer-notification-group-retry-2000-1, groupId=notification-group-retry-2000] Request joining group due to: consumer pro-actively leaving the group
2026-09-28 18:14:17.349 INFO 
				
				[#0-retry-4000-0-C-1] o.a.k.c.c.i.ClassicKafkaConsumer - [Consumer clientId=consumer-notification-group-retry-4000-4, groupId=notification-group-retry-4000] Unsubscribed all topics or patterns and assigned partitions
2026-09-28 18:14:17.349 INFO 
				
				[#0-retry-8000-0-C-1] o.a.k.c.c.i.ConsumerCoordinator - [Consumer clientId=consumer-notification-group-retry-8000-2, groupId=notification-group-retry-8000] Resetting generation and member id due to: consumer pro-actively leaving the group
2026-09-28 18:14:17.349 INFO 
				
				[#0-retry-2000-0-C-1] o.a.k.c.c.i.ClassicKafkaConsumer - [Consumer clientId=consumer-notification-group-retry-2000-1, groupId=notification-group-retry-2000] Unsubscribed all topics or patterns and assigned partitions
2026-09-28 18:14:17.349 INFO 
				
				[#0-0-C-1] o.a.k.c.c.i.ClassicKafkaConsumer - [Consumer clientId=consumer-notification-group-5, groupId=notification-group] Unsubscribed all topics or patterns and assigned partitions
2026-09-28 18:14:17.349 INFO 
				
				[#0.DLT-0-C-1] o.a.k.c.c.i.ConsumerCoordinator - [Consumer clientId=consumer-notification-group.DLT-3, groupId=notification-group.DLT] Request joining group due to: consumer pro-actively leaving the group
2026-09-28 18:14:17.349 INFO 
				
				[#0-retry-8000-0-C-1] o.a.k.c.c.i.ConsumerCoordinator - [Consumer clientId=consumer-notification-group-retry-8000-2, groupId=notification-group-retry-8000] Request joining group due to: consumer pro-actively leaving the group
2026-09-28 18:14:17.349 INFO 
				
				[#0.DLT-0-C-1] o.a.k.c.c.i.ClassicKafkaConsumer - [Consumer clientId=consumer-notification-group.DLT-3, groupId=notification-group.DLT] Unsubscribed all topics or patterns and assigned partitions
2026-09-28 18:14:17.350 INFO 
				
				[#0-retry-8000-0-C-1] o.a.k.c.c.i.ClassicKafkaConsumer - [Consumer clientId=consumer-notification-group-retry-8000-2, groupId=notification-group-retry-8000] Unsubscribed all topics or patterns and assigned partitions
2026-09-28 18:14:17.353 INFO 
				
				[#0-retry-8000-0-C-1] o.a.k.c.c.i.ConsumerCoordinator - [Consumer clientId=consumer-notification-group-retry-8000-2, groupId=notification-group-retry-8000] Resetting generation and member id due to: consumer pro-actively leaving the group
2026-09-28 18:14:17.353 INFO 
				
				[#0-retry-8000-0-C-1] o.a.k.c.c.i.ConsumerCoordinator - [Consumer clientId=consumer-notification-group-retry-8000-2, groupId=notification-group-retry-8000] Request joining group due to: consumer pro-actively leaving the group
2026-09-28 18:14:17.353 INFO 
				
				[#0-retry-2000-0-C-1] o.a.k.c.c.i.ConsumerCoordinator - [Consumer clientId=consumer-notification-group-retry-2000-1, groupId=notification-group-retry-2000] Resetting generation and member id due to: consumer pro-actively leaving the group
2026-09-28 18:14:17.354 INFO 
				
				[#0-retry-2000-0-C-1] o.a.k.c.c.i.ConsumerCoordinator - [Consumer clientId=consumer-notification-group-retry-2000-1, groupId=notification-group-retry-2000] Request joining group due to: consumer pro-actively leaving the group
2026-09-28 18:14:17.354 INFO 
				
				[#0.DLT-0-C-1] o.a.k.c.c.i.ConsumerCoordinator - [Consumer clientId=consumer-notification-group.DLT-3, groupId=notification-group.DLT] Resetting generation and member id due to: consumer pro-actively leaving the group
2026-09-28 18:14:17.354 INFO 
				
				[#0-retry-4000-0-C-1] o.a.k.c.c.i.ConsumerCoordinator - [Consumer clientId=consumer-notification-group-retry-4000-4, groupId=notification-group-retry-4000] Resetting generation and member id due to: consumer pro-actively leaving the group
2026-09-28 18:14:17.354 INFO 
				
				[#0.DLT-0-C-1] o.a.k.c.c.i.ConsumerCoordinator - [Consumer clientId=consumer-notification-group.DLT-3, groupId=notification-group.DLT] Request joining group due to: consumer pro-actively leaving the group
2026-09-28 18:14:17.354 INFO 
				
				[#0-retry-4000-0-C-1] o.a.k.c.c.i.ConsumerCoordinator - [Consumer clientId=consumer-notification-group-retry-4000-4, groupId=notification-group-retry-4000] Request joining group due to: consumer pro-actively leaving the group
2026-09-28 18:14:17.354 INFO 
				
				[#0-0-C-1] o.a.k.c.c.i.ConsumerCoordinator - [Consumer clientId=consumer-notification-group-5, groupId=notification-group] Resetting generation and member id due to: consumer pro-actively leaving the group
2026-09-28 18:14:17.354 INFO 
				
				[#0-0-C-1] o.a.k.c.c.i.ConsumerCoordinator - [Consumer clientId=consumer-notification-group-5, groupId=notification-group] Request joining group due to: consumer pro-actively leaving the group
2026-09-28 18:14:17.647 INFO 
				
				[#0-retry-8000-0-C-1] o.a.kafka.common.metrics.Metrics - Metrics scheduler closed
2026-09-28 18:14:17.647 INFO 
				
				[#0-retry-2000-0-C-1] o.a.kafka.common.metrics.Metrics - Metrics scheduler closed
2026-09-28 18:14:17.648 INFO 
				
				[#0-retry-8000-0-C-1] o.a.kafka.common.metrics.Metrics - Closing reporter org.apache.kafka.common.metrics.JmxReporter
2026-09-28 18:14:17.648 INFO 
				
				[#0-retry-2000-0-C-1] o.a.kafka.common.metrics.Metrics - Closing reporter org.apache.kafka.common.metrics.JmxReporter
2026-09-28 18:14:17.649 INFO 
				
				[#0-retry-8000-0-C-1] o.a.kafka.common.metrics.Metrics - Closing reporter org.apache.kafka.common.telemetry.internals.ClientTelemetryReporter
2026-09-28 18:14:17.649 INFO 
				
				[#0-retry-8000-0-C-1] o.a.kafka.common.metrics.Metrics - Metrics reporters closed
2026-09-28 18:14:17.649 INFO 
				
				[#0-retry-2000-0-C-1] o.a.kafka.common.metrics.Metrics - Closing reporter org.apache.kafka.common.telemetry.internals.ClientTelemetryReporter
2026-09-28 18:14:17.649 INFO 
				
				[#0-retry-2000-0-C-1] o.a.kafka.common.metrics.Metrics - Metrics reporters closed
2026-09-28 18:14:17.650 INFO 
				
				[#0-retry-4000-0-C-1] o.a.kafka.common.metrics.Metrics - Metrics scheduler closed
2026-09-28 18:14:17.650 INFO 
				
				[#0-retry-4000-0-C-1] o.a.kafka.common.metrics.Metrics - Closing reporter org.apache.kafka.common.metrics.JmxReporter
2026-09-28 18:14:17.650 INFO 
				
				[#0.DLT-0-C-1] o.a.kafka.common.metrics.Metrics - Metrics scheduler closed
2026-09-28 18:14:17.650 INFO 
				
				[#0-0-C-1] o.a.kafka.common.metrics.Metrics - Metrics scheduler closed
2026-09-28 18:14:17.650 INFO 
				
				[#0.DLT-0-C-1] o.a.kafka.common.metrics.Metrics - Closing reporter org.apache.kafka.common.metrics.JmxReporter
2026-09-28 18:14:17.650 INFO 
				
				[#0-0-C-1] o.a.kafka.common.metrics.Metrics - Closing reporter org.apache.kafka.common.metrics.JmxReporter
2026-09-28 18:14:17.651 INFO 
				
				[#0.DLT-0-C-1] o.a.kafka.common.metrics.Metrics - Closing reporter org.apache.kafka.common.telemetry.internals.ClientTelemetryReporter
2026-09-28 18:14:17.651 INFO 
				
				[#0-0-C-1] o.a.kafka.common.metrics.Metrics - Closing reporter org.apache.kafka.common.telemetry.internals.ClientTelemetryReporter
2026-09-28 18:14:17.652 INFO 
				
				[#0.DLT-0-C-1] o.a.kafka.common.metrics.Metrics - Metrics reporters closed
2026-09-28 18:14:17.651 INFO 
				
				[#0-retry-4000-0-C-1] o.a.kafka.common.metrics.Metrics - Closing reporter org.apache.kafka.common.telemetry.internals.ClientTelemetryReporter
2026-09-28 18:14:17.652 INFO 
				
				[#0-retry-4000-0-C-1] o.a.kafka.common.metrics.Metrics - Metrics reporters closed
2026-09-28 18:14:17.652 INFO 
				
				[#0-0-C-1] o.a.kafka.common.metrics.Metrics - Metrics reporters closed
2026-09-28 18:14:17.666 INFO 
				
				[#0-retry-8000-0-C-1] o.a.kafka.common.utils.AppInfoParser - App info kafka.consumer for consumer-notification-group-retry-8000-2 unregistered
2026-09-28 18:14:17.666 INFO 
				
				[#0-retry-8000-0-C-1] o.s.k.l.KafkaMessageListenerContainer - notification-group-retry-8000: Consumer stopped
2026-09-28 18:14:17.667 INFO 
				
				[#0-retry-2000-0-C-1] o.a.kafka.common.utils.AppInfoParser - App info kafka.consumer for consumer-notification-group-retry-2000-1 unregistered
2026-09-28 18:14:17.667 INFO 
				
				[#0-retry-2000-0-C-1] o.s.k.l.KafkaMessageListenerContainer - notification-group-retry-2000: Consumer stopped
2026-09-28 18:14:17.667 INFO 
				
				[#0-retry-4000-0-C-1] o.a.kafka.common.utils.AppInfoParser - App info kafka.consumer for consumer-notification-group-retry-4000-4 unregistered
2026-09-28 18:14:17.667 INFO 
				
				[#0-retry-4000-0-C-1] o.s.k.l.KafkaMessageListenerContainer - notification-group-retry-4000: Consumer stopped
2026-09-28 18:14:17.668 INFO 
				
				[#0-0-C-1] o.a.kafka.common.utils.AppInfoParser - App info kafka.consumer for consumer-notification-group-5 unregistered
2026-09-28 18:14:17.668 INFO 
				
				[#0-0-C-1] o.s.k.l.KafkaMessageListenerContainer - notification-group: Consumer stopped
2026-09-28 18:14:17.668 INFO 
				
				[#0.DLT-0-C-1] o.a.kafka.common.utils.AppInfoParser - App info kafka.consumer for consumer-notification-group.DLT-3 unregistered
2026-09-28 18:14:17.668 INFO 
				
				[#0.DLT-0-C-1] o.s.k.l.KafkaMessageListenerContainer - notification-group.DLT: Consumer stopped
2026-09-28 18:14:17.670 INFO 
				
				[RMI TCP Connection(1)-10.92.45.245] o.s.boot.tomcat.GracefulShutdown - Commencing graceful shutdown. Waiting for active requests to complete
2026-09-28 18:14:17.671 INFO 
				
				[tomcat-shutdown] o.a.coyote.http11.Http11NioProtocol - Pausing ProtocolHandler ["http-nio-8082"]
2026-09-28 18:14:17.731 INFO 
				
				[tomcat-shutdown] o.s.boot.tomcat.GracefulShutdown - Graceful shutdown complete
2026-09-28 18:14:17.731 INFO 
				
				[RMI TCP Connection(1)-10.92.45.245] o.a.coyote.http11.Http11NioProtocol - Stopping ProtocolHandler ["http-nio-8082"]
2026-09-28 18:14:17.737 INFO 
				
				[RMI TCP Connection(1)-10.92.45.245] o.s.o.j.LocalContainerEntityManagerFactoryBean - Closing JPA EntityManagerFactory for persistence unit 'default'
2026-09-28 18:14:17.740 INFO 
				
				[RMI TCP Connection(1)-10.92.45.245] com.zaxxer.hikari.HikariDataSource - PersonHikariPool - Shutdown initiated...
2026-09-28 18:14:17.747 INFO 
				
				[RMI TCP Connection(1)-10.92.45.245] com.zaxxer.hikari.HikariDataSource - PersonHikariPool - Shutdown completed.
2026-09-28 18:14:38.972 INFO   [main] c.k.m.MicroserviceNotificationConsumerApplication - Starting MicroserviceNotificationConsumerApplication using Java 17.0.12 with PID 1252 (D:\Project Development\My-github\spring-boot-microservices-kafka-integration\microservice-notification-consumer\target\classes started by Vishnu Katpure in D:\Project Development\My-github\spring-boot-microservices-kafka-integration\microservice-notification-consumer)
2026-09-28 18:14:38.974 INFO   [main] c.k.m.MicroserviceNotificationConsumerApplication - No active profile set, falling back to 1 default profile: "default"
2026-09-28 18:14:39.455 INFO   [main] o.s.d.r.c.RepositoryConfigurationDelegate - Bootstrapping Spring Data JPA repositories in DEFAULT mode.
2026-09-28 18:14:39.492 INFO   [main] o.s.d.r.c.RepositoryConfigurationDelegate - Finished Spring Data repository scanning in 28 ms. Found 1 JPA repository interface.
2026-09-28 18:14:39.846 INFO   [main] o.s.boot.tomcat.TomcatWebServer - Tomcat initialized with port 8082 (http)
2026-09-28 18:14:39.856 INFO   [main] o.a.coyote.http11.Http11NioProtocol - Initializing ProtocolHandler ["http-nio-8082"]
2026-09-28 18:14:39.858 INFO   [main] o.a.catalina.core.StandardService - Starting service [Tomcat]
2026-09-28 18:14:39.858 INFO   [main] o.a.catalina.core.StandardEngine - Starting Servlet engine: [Apache Tomcat/11.0.22]
2026-09-28 18:14:39.896 INFO   [main] o.s.b.w.c.s.WebApplicationContextInitializer - Root WebApplicationContext: initialization completed in 889 ms
2026-09-28 18:14:40.011 INFO   [main] org.hibernate.orm.jpa - HHH008540: Processing PersistenceUnitInfo [name: default]
2026-09-28 18:14:40.046 INFO   [main] org.hibernate.orm.core - HHH000001: Hibernate ORM core version 7.4.1.Final
2026-09-28 18:14:40.330 INFO   [main] o.s.o.j.p.SpringPersistenceUnitInfo - No LoadTimeWeaver setup: ignoring JPA class transformer
2026-09-28 18:14:40.351 INFO   [main] com.zaxxer.hikari.HikariDataSource - PersonHikariPool - Starting...
2026-09-28 18:14:40.458 INFO   [main] com.zaxxer.hikari.pool.HikariPool - PersonHikariPool - Added connection com.mysql.cj.jdbc.ConnectionImpl@57bac3f0
2026-09-28 18:14:40.459 INFO   [main] com.zaxxer.hikari.HikariDataSource - PersonHikariPool - Start completed.
2026-09-28 18:14:40.496 WARN   [main] org.hibernate.orm.deprecation - HHH90000025: MySQLDialect does not need to be specified explicitly using 'hibernate.dialect' (remove the property setting and it will be selected by default)
2026-09-28 18:14:40.508 INFO   [main] o.hibernate.orm.connections.pooling - HHH10001005: Database info:
	Database JDBC URL [jdbc:mysql://localhost:3306/demo?allowPublicKeyRetrieval=true&useSSL=false&serverTimezone=UTC]
	Database driver: MySQL Connector/J
	Database dialect: MySQLDialect
	Database version: 8.0.15
	Default catalog/schema: demo/undefined
	Autocommit mode: undefined/unknown
	Isolation level: REPEATABLE_READ [default REPEATABLE_READ]
	JDBC fetch size: none
	Pool: DataSourceConnectionProvider
	Minimum pool size: undefined/unknown
	Maximum pool size: undefined/unknown
2026-09-28 18:14:41.040 INFO   [main] org.hibernate.orm.core - HHH000182: No default (no-argument) constructor for class [com.kafka.microservice_notification_consumer.model.ProcessedEvent] (class must be instantiated by Interceptor)
2026-09-28 18:14:41.160 INFO   [main] org.hibernate.orm.core - HHH000489: No JTA platform available (set 'hibernate.transaction.jta.platform' to enable JTA platform integration)
2026-09-28 18:14:41.206 INFO   [main] o.s.o.j.LocalContainerEntityManagerFactoryBean - Initialized JPA EntityManagerFactory for persistence unit 'default'
2026-09-28 18:14:41.312 INFO   [main] o.s.d.j.r.q.QueryEnhancerFactories - Hibernate is in classpath; If applicable, HQL parser will be used.
2026-09-28 18:14:41.538 WARN   [main] o.s.b.j.a.JpaBaseConfiguration$JpaWebConfiguration - spring.jpa.open-in-view is enabled by default. Therefore, database queries may be performed during view rendering. Explicitly configure spring.jpa.open-in-view to disable this warning
2026-09-28 18:14:41.759 INFO   [main] o.a.k.common.config.AbstractConfig - AdminClientConfig values: 
	bootstrap.controllers = []
	bootstrap.servers = [localhost:9092]
	client.dns.lookup = use_all_dns_ips
	client.id = microservice-notification-consumer-admin-0
	config.providers = []
	connections.max.idle.ms = 300000
	default.api.timeout.ms = 60000
	enable.metrics.push = false
	metadata.max.age.ms = 300000
	metadata.recovery.rebootstrap.trigger.ms = 300000
	metadata.recovery.strategy = rebootstrap
	metric.reporters = [org.apache.kafka.common.metrics.JmxReporter]
	metrics.num.samples = 2
	metrics.recording.level = INFO
	metrics.sample.window.ms = 30000
	receive.buffer.bytes = 65536
	reconnect.backoff.max.ms = 1000
	reconnect.backoff.ms = 50
	request.timeout.ms = 30000
	retries = 2147483647
	retry.backoff.max.ms = 1000
	retry.backoff.ms = 100
	sasl.client.callback.handler.class = null
	sasl.jaas.config = null
	sasl.kerberos.kinit.cmd = /usr/bin/kinit
	sasl.kerberos.min.time.before.relogin = 60000
	sasl.kerberos.service.name = null
	sasl.kerberos.ticket.renew.jitter = 0.05
	sasl.kerberos.ticket.renew.window.factor = 0.8
	sasl.login.callback.handler.class = null
	sasl.login.class = null
	sasl.login.connect.timeout.ms = null
	sasl.login.read.timeout.ms = null
	sasl.login.refresh.buffer.seconds = 300
	sasl.login.refresh.min.period.seconds = 60
	sasl.login.refresh.window.factor = 0.8
	sasl.login.refresh.window.jitter = 0.05
	sasl.login.retry.backoff.max.ms = 10000
	sasl.login.retry.backoff.ms = 100
	sasl.mechanism = GSSAPI
	sasl.oauthbearer.assertion.algorithm = RS256
	sasl.oauthbearer.assertion.claim.aud = null
	sasl.oauthbearer.assertion.claim.exp.seconds = 300
	sasl.oauthbearer.assertion.claim.iss = null
	sasl.oauthbearer.assertion.claim.jti.include = false
	sasl.oauthbearer.assertion.claim.nbf.seconds = 60
	sasl.oauthbearer.assertion.claim.sub = null
	sasl.oauthbearer.assertion.file = null
	sasl.oauthbearer.assertion.private.key.file = null
	sasl.oauthbearer.assertion.private.key.passphrase = null
	sasl.oauthbearer.assertion.template.file = null
	sasl.oauthbearer.client.credentials.client.id = null
	sasl.oauthbearer.client.credentials.client.secret = null
	sasl.oauthbearer.clock.skew.seconds = 30
	sasl.oauthbearer.expected.audience = []
	sasl.oauthbearer.expected.issuer = null
	sasl.oauthbearer.header.urlencode = false
	sasl.oauthbearer.jwks.endpoint.refresh.ms = 3600000
	sasl.oauthbearer.jwks.endpoint.retry.backoff.max.ms = 10000
	sasl.oauthbearer.jwks.endpoint.retry.backoff.ms = 100
	sasl.oauthbearer.jwks.endpoint.url = null
	sasl.oauthbearer.jwt.retriever.class = class org.apache.kafka.common.security.oauthbearer.DefaultJwtRetriever
	sasl.oauthbearer.jwt.validator.class = class org.apache.kafka.common.security.oauthbearer.DefaultJwtValidator
	sasl.oauthbearer.scope = null
	sasl.oauthbearer.scope.claim.name = scope
	sasl.oauthbearer.sub.claim.name = sub
	sasl.oauthbearer.token.endpoint.url = null
	security.protocol = PLAINTEXT
	security.providers = null
	send.buffer.bytes = 131072
	socket.connection.setup.timeout.max.ms = 30000
	socket.connection.setup.timeout.ms = 10000
	ssl.cipher.suites = []
	ssl.enabled.protocols = [TLSv1.2, TLSv1.3]
	ssl.endpoint.identification.algorithm = https
	ssl.engine.factory.class = null
	ssl.key.password = null
	ssl.keymanager.algorithm = SunX509
	ssl.keystore.certificate.chain = null
	ssl.keystore.key = null
	ssl.keystore.location = null
	ssl.keystore.password = null
	ssl.keystore.type = JKS
	ssl.protocol = TLSv1.3
	ssl.provider = null
	ssl.secure.random.implementation = null
	ssl.trustmanager.algorithm = PKIX
	ssl.truststore.certificates = null
	ssl.truststore.location = null
	ssl.truststore.password = null
	ssl.truststore.type = JKS

2026-09-28 18:14:41.801 INFO   [main] o.a.kafka.common.utils.AppInfoParser - Kafka version: 4.2.1
2026-09-28 18:14:41.801 INFO   [main] o.a.kafka.common.utils.AppInfoParser - Kafka commitId: 92f61c44867f39dc
2026-09-28 18:14:41.801 INFO   [main] o.a.kafka.common.utils.AppInfoParser - Kafka startTimeMs: 1790599481800
2026-09-28 18:14:42.047 INFO   [main] o.s.kafka.core.KafkaAdmin - Topic 'notification-topic' exists but has a different partition count: 3 not 1
2026-09-28 18:14:42.047 INFO   [main] o.a.kafka.common.metrics.Metrics - Metrics scheduler closed
2026-09-28 18:14:42.048 INFO   [main] o.a.kafka.common.metrics.Metrics - Closing reporter org.apache.kafka.common.metrics.JmxReporter
2026-09-28 18:14:42.048 INFO   [main] o.a.kafka.common.metrics.Metrics - Metrics reporters closed
2026-09-28 18:14:42.048 INFO   [kafka-admin-client-thread | microservice-notification-consumer-admin-0] o.a.kafka.common.utils.AppInfoParser - App info kafka.admin.client for microservice-notification-consumer-admin-0 unregistered
2026-09-28 18:14:42.055 INFO   [kafka-admin-client-thread | microservice-notification-consumer-admin-0] o.a.kafka.common.metrics.Metrics - Metrics scheduler closed
2026-09-28 18:14:42.055 INFO   [kafka-admin-client-thread | microservice-notification-consumer-admin-0] o.a.kafka.common.metrics.Metrics - Closing reporter org.apache.kafka.common.metrics.JmxReporter
2026-09-28 18:14:42.055 INFO   [kafka-admin-client-thread | microservice-notification-consumer-admin-0] o.a.kafka.common.metrics.Metrics - Metrics reporters closed
2026-09-28 18:14:42.059 INFO   [main] o.a.coyote.http11.Http11NioProtocol - Starting ProtocolHandler ["http-nio-8082"]
2026-09-28 18:14:42.068 INFO   [main] o.s.boot.tomcat.TomcatWebServer - Tomcat started on port 8082 (http) with context path '/'
2026-09-28 18:14:42.086 INFO   [main] o.a.k.common.config.AbstractConfig - ConsumerConfig values: 
	allow.auto.create.topics = true
	auto.commit.interval.ms = 5000
	auto.offset.reset = earliest
	bootstrap.servers = [localhost:9092]
	check.crcs = true
	client.dns.lookup = use_all_dns_ips
	client.id = consumer-notification-group-retry-2000-1
	client.rack = 
	config.providers = []
	connections.max.idle.ms = 540000
	default.api.timeout.ms = 60000
	enable.auto.commit = false
	enable.metrics.push = true
	exclude.internal.topics = true
	fetch.max.bytes = 52428800
	fetch.max.wait.ms = 500
	fetch.min.bytes = 1
	group.id = notification-group-retry-2000
	group.instance.id = null
	group.protocol = classic
	group.remote.assignor = null
	heartbeat.interval.ms = 3000
	interceptor.classes = []
	internal.throw.on.fetch.stable.offset.unsupported = false
	isolation.level = read_uncommitted
	key.deserializer = class org.apache.kafka.common.serialization.LongDeserializer
	max.partition.fetch.bytes = 1048576
	max.poll.interval.ms = 300000
	max.poll.records = 500
	metadata.max.age.ms = 300000
	metadata.recovery.rebootstrap.trigger.ms = 300000
	metadata.recovery.strategy = rebootstrap
	metric.reporters = [org.apache.kafka.common.metrics.JmxReporter]
	metrics.num.samples = 2
	metrics.recording.level = INFO
	metrics.sample.window.ms = 30000
	partition.assignment.strategy = [class org.apache.kafka.clients.consumer.RangeAssignor, class org.apache.kafka.clients.consumer.CooperativeStickyAssignor]
	receive.buffer.bytes = 65536
	reconnect.backoff.max.ms = 1000
	reconnect.backoff.ms = 50
	request.timeout.ms = 30000
	retry.backoff.max.ms = 1000
	retry.backoff.ms = 100
	sasl.client.callback.handler.class = null
	sasl.jaas.config = null
	sasl.kerberos.kinit.cmd = /usr/bin/kinit
	sasl.kerberos.min.time.before.relogin = 60000
	sasl.kerberos.service.name = null
	sasl.kerberos.ticket.renew.jitter = 0.05
	sasl.kerberos.ticket.renew.window.factor = 0.8
	sasl.login.callback.handler.class = null
	sasl.login.class = null
	sasl.login.connect.timeout.ms = null
	sasl.login.read.timeout.ms = null
	sasl.login.refresh.buffer.seconds = 300
	sasl.login.refresh.min.period.seconds = 60
	sasl.login.refresh.window.factor = 0.8
	sasl.login.refresh.window.jitter = 0.05
	sasl.login.retry.backoff.max.ms = 10000
	sasl.login.retry.backoff.ms = 100
	sasl.mechanism = GSSAPI
	sasl.oauthbearer.assertion.algorithm = RS256
	sasl.oauthbearer.assertion.claim.aud = null
	sasl.oauthbearer.assertion.claim.exp.seconds = 300
	sasl.oauthbearer.assertion.claim.iss = null
	sasl.oauthbearer.assertion.claim.jti.include = false
	sasl.oauthbearer.assertion.claim.nbf.seconds = 60
	sasl.oauthbearer.assertion.claim.sub = null
	sasl.oauthbearer.assertion.file = null
	sasl.oauthbearer.assertion.private.key.file = null
	sasl.oauthbearer.assertion.private.key.passphrase = null
	sasl.oauthbearer.assertion.template.file = null
	sasl.oauthbearer.client.credentials.client.id = null
	sasl.oauthbearer.client.credentials.client.secret = null
	sasl.oauthbearer.clock.skew.seconds = 30
	sasl.oauthbearer.expected.audience = []
	sasl.oauthbearer.expected.issuer = null
	sasl.oauthbearer.header.urlencode = false
	sasl.oauthbearer.jwks.endpoint.refresh.ms = 3600000
	sasl.oauthbearer.jwks.endpoint.retry.backoff.max.ms = 10000
	sasl.oauthbearer.jwks.endpoint.retry.backoff.ms = 100
	sasl.oauthbearer.jwks.endpoint.url = null
	sasl.oauthbearer.jwt.retriever.class = class org.apache.kafka.common.security.oauthbearer.DefaultJwtRetriever
	sasl.oauthbearer.jwt.validator.class = class org.apache.kafka.common.security.oauthbearer.DefaultJwtValidator
	sasl.oauthbearer.scope = null
	sasl.oauthbearer.scope.claim.name = scope
	sasl.oauthbearer.sub.claim.name = sub
	sasl.oauthbearer.token.endpoint.url = null
	security.protocol = PLAINTEXT
	security.providers = null
	send.buffer.bytes = 131072
	session.timeout.ms = 45000
	share.acknowledgement.mode = implicit
	share.acquire.mode = BATCH_OPTIMIZED
	socket.connection.setup.timeout.max.ms = 30000
	socket.connection.setup.timeout.ms = 10000
	ssl.cipher.suites = []
	ssl.enabled.protocols = [TLSv1.2, TLSv1.3]
	ssl.endpoint.identification.algorithm = https
	ssl.engine.factory.class = null
	ssl.key.password = null
	ssl.keymanager.algorithm = SunX509
	ssl.keystore.certificate.chain = null
	ssl.keystore.key = null
	ssl.keystore.location = null
	ssl.keystore.password = null
	ssl.keystore.type = JKS
	ssl.protocol = TLSv1.3
	ssl.provider = null
	ssl.secure.random.implementation = null
	ssl.trustmanager.algorithm = PKIX
	ssl.truststore.certificates = null
	ssl.truststore.location = null
	ssl.truststore.password = null
	ssl.truststore.type = JKS
	value.deserializer = class org.apache.kafka.common.serialization.StringDeserializer

2026-09-28 18:14:42.108 INFO   [main] o.a.k.c.t.i.KafkaMetricsCollector - initializing Kafka metrics collector
2026-09-28 18:14:42.143 INFO   [main] o.a.kafka.common.utils.AppInfoParser - Kafka version: 4.2.1
2026-09-28 18:14:42.143 INFO   [main] o.a.kafka.common.utils.AppInfoParser - Kafka commitId: 92f61c44867f39dc
2026-09-28 18:14:42.144 INFO   [main] o.a.kafka.common.utils.AppInfoParser - Kafka startTimeMs: 1790599482143
2026-09-28 18:14:42.144 INFO   [main] o.a.k.c.c.i.ClassicKafkaConsumer - [Consumer clientId=consumer-notification-group-retry-2000-1, groupId=notification-group-retry-2000] Subscribed to topic(s): notification-topic-retry-2000
2026-09-28 18:14:42.149 INFO   [main] o.a.k.common.config.AbstractConfig - ConsumerConfig values: 
	allow.auto.create.topics = true
	auto.commit.interval.ms = 5000
	auto.offset.reset = earliest
	bootstrap.servers = [localhost:9092]
	check.crcs = true
	client.dns.lookup = use_all_dns_ips
	client.id = consumer-notification-group-retry-8000-2
	client.rack = 
	config.providers = []
	connections.max.idle.ms = 540000
	default.api.timeout.ms = 60000
	enable.auto.commit = false
	enable.metrics.push = true
	exclude.internal.topics = true
	fetch.max.bytes = 52428800
	fetch.max.wait.ms = 500
	fetch.min.bytes = 1
	group.id = notification-group-retry-8000
	group.instance.id = null
	group.protocol = classic
	group.remote.assignor = null
	heartbeat.interval.ms = 3000
	interceptor.classes = []
	internal.throw.on.fetch.stable.offset.unsupported = false
	isolation.level = read_uncommitted
	key.deserializer = class org.apache.kafka.common.serialization.LongDeserializer
	max.partition.fetch.bytes = 1048576
	max.poll.interval.ms = 300000
	max.poll.records = 500
	metadata.max.age.ms = 300000
	metadata.recovery.rebootstrap.trigger.ms = 300000
	metadata.recovery.strategy = rebootstrap
	metric.reporters = [org.apache.kafka.common.metrics.JmxReporter]
	metrics.num.samples = 2
	metrics.recording.level = INFO
	metrics.sample.window.ms = 30000
	partition.assignment.strategy = [class org.apache.kafka.clients.consumer.RangeAssignor, class org.apache.kafka.clients.consumer.CooperativeStickyAssignor]
	receive.buffer.bytes = 65536
	reconnect.backoff.max.ms = 1000
	reconnect.backoff.ms = 50
	request.timeout.ms = 30000
	retry.backoff.max.ms = 1000
	retry.backoff.ms = 100
	sasl.client.callback.handler.class = null
	sasl.jaas.config = null
	sasl.kerberos.kinit.cmd = /usr/bin/kinit
	sasl.kerberos.min.time.before.relogin = 60000
	sasl.kerberos.service.name = null
	sasl.kerberos.ticket.renew.jitter = 0.05
	sasl.kerberos.ticket.renew.window.factor = 0.8
	sasl.login.callback.handler.class = null
	sasl.login.class = null
	sasl.login.connect.timeout.ms = null
	sasl.login.read.timeout.ms = null
	sasl.login.refresh.buffer.seconds = 300
	sasl.login.refresh.min.period.seconds = 60
	sasl.login.refresh.window.factor = 0.8
	sasl.login.refresh.window.jitter = 0.05
	sasl.login.retry.backoff.max.ms = 10000
	sasl.login.retry.backoff.ms = 100
	sasl.mechanism = GSSAPI
	sasl.oauthbearer.assertion.algorithm = RS256
	sasl.oauthbearer.assertion.claim.aud = null
	sasl.oauthbearer.assertion.claim.exp.seconds = 300
	sasl.oauthbearer.assertion.claim.iss = null
	sasl.oauthbearer.assertion.claim.jti.include = false
	sasl.oauthbearer.assertion.claim.nbf.seconds = 60
	sasl.oauthbearer.assertion.claim.sub = null
	sasl.oauthbearer.assertion.file = null
	sasl.oauthbearer.assertion.private.key.file = null
	sasl.oauthbearer.assertion.private.key.passphrase = null
	sasl.oauthbearer.assertion.template.file = null
	sasl.oauthbearer.client.credentials.client.id = null
	sasl.oauthbearer.client.credentials.client.secret = null
	sasl.oauthbearer.clock.skew.seconds = 30
	sasl.oauthbearer.expected.audience = []
	sasl.oauthbearer.expected.issuer = null
	sasl.oauthbearer.header.urlencode = false
	sasl.oauthbearer.jwks.endpoint.refresh.ms = 3600000
	sasl.oauthbearer.jwks.endpoint.retry.backoff.max.ms = 10000
	sasl.oauthbearer.jwks.endpoint.retry.backoff.ms = 100
	sasl.oauthbearer.jwks.endpoint.url = null
	sasl.oauthbearer.jwt.retriever.class = class org.apache.kafka.common.security.oauthbearer.DefaultJwtRetriever
	sasl.oauthbearer.jwt.validator.class = class org.apache.kafka.common.security.oauthbearer.DefaultJwtValidator
	sasl.oauthbearer.scope = null
	sasl.oauthbearer.scope.claim.name = scope
	sasl.oauthbearer.sub.claim.name = sub
	sasl.oauthbearer.token.endpoint.url = null
	security.protocol = PLAINTEXT
	security.providers = null
	send.buffer.bytes = 131072
	session.timeout.ms = 45000
	share.acknowledgement.mode = implicit
	share.acquire.mode = BATCH_OPTIMIZED
	socket.connection.setup.timeout.max.ms = 30000
	socket.connection.setup.timeout.ms = 10000
	ssl.cipher.suites = []
	ssl.enabled.protocols = [TLSv1.2, TLSv1.3]
	ssl.endpoint.identification.algorithm = https
	ssl.engine.factory.class = null
	ssl.key.password = null
	ssl.keymanager.algorithm = SunX509
	ssl.keystore.certificate.chain = null
	ssl.keystore.key = null
	ssl.keystore.location = null
	ssl.keystore.password = null
	ssl.keystore.type = JKS
	ssl.protocol = TLSv1.3
	ssl.provider = null
	ssl.secure.random.implementation = null
	ssl.trustmanager.algorithm = PKIX
	ssl.truststore.certificates = null
	ssl.truststore.location = null
	ssl.truststore.password = null
	ssl.truststore.type = JKS
	value.deserializer = class org.apache.kafka.common.serialization.StringDeserializer

2026-09-28 18:14:42.149 INFO   [main] o.a.k.c.t.i.KafkaMetricsCollector - initializing Kafka metrics collector
2026-09-28 18:14:42.156 INFO   [main] o.a.kafka.common.utils.AppInfoParser - Kafka version: 4.2.1
2026-09-28 18:14:42.156 INFO   [main] o.a.kafka.common.utils.AppInfoParser - Kafka commitId: 92f61c44867f39dc
2026-09-28 18:14:42.156 INFO   [main] o.a.kafka.common.utils.AppInfoParser - Kafka startTimeMs: 1790599482156
2026-09-28 18:14:42.156 INFO   [main] o.a.k.c.c.i.ClassicKafkaConsumer - [Consumer clientId=consumer-notification-group-retry-8000-2, groupId=notification-group-retry-8000] Subscribed to topic(s): notification-topic-retry-8000
2026-09-28 18:14:42.158 INFO   [main] o.a.k.common.config.AbstractConfig - ConsumerConfig values: 
	allow.auto.create.topics = true
	auto.commit.interval.ms = 5000
	auto.offset.reset = earliest
	bootstrap.servers = [localhost:9092]
	check.crcs = true
	client.dns.lookup = use_all_dns_ips
	client.id = consumer-notification-group.DLT-3
	client.rack = 
	config.providers = []
	connections.max.idle.ms = 540000
	default.api.timeout.ms = 60000
	enable.auto.commit = false
	enable.metrics.push = true
	exclude.internal.topics = true
	fetch.max.bytes = 52428800
	fetch.max.wait.ms = 500
	fetch.min.bytes = 1
	group.id = notification-group.DLT
	group.instance.id = null
	group.protocol = classic
	group.remote.assignor = null
	heartbeat.interval.ms = 3000
	interceptor.classes = []
	internal.throw.on.fetch.stable.offset.unsupported = false
	isolation.level = read_uncommitted
	key.deserializer = class org.apache.kafka.common.serialization.LongDeserializer
	max.partition.fetch.bytes = 1048576
	max.poll.interval.ms = 300000
	max.poll.records = 500
	metadata.max.age.ms = 300000
	metadata.recovery.rebootstrap.trigger.ms = 300000
	metadata.recovery.strategy = rebootstrap
	metric.reporters = [org.apache.kafka.common.metrics.JmxReporter]
	metrics.num.samples = 2
	metrics.recording.level = INFO
	metrics.sample.window.ms = 30000
	partition.assignment.strategy = [class org.apache.kafka.clients.consumer.RangeAssignor, class org.apache.kafka.clients.consumer.CooperativeStickyAssignor]
	receive.buffer.bytes = 65536
	reconnect.backoff.max.ms = 1000
	reconnect.backoff.ms = 50
	request.timeout.ms = 30000
	retry.backoff.max.ms = 1000
	retry.backoff.ms = 100
	sasl.client.callback.handler.class = null
	sasl.jaas.config = null
	sasl.kerberos.kinit.cmd = /usr/bin/kinit
	sasl.kerberos.min.time.before.relogin = 60000
	sasl.kerberos.service.name = null
	sasl.kerberos.ticket.renew.jitter = 0.05
	sasl.kerberos.ticket.renew.window.factor = 0.8
	sasl.login.callback.handler.class = null
	sasl.login.class = null
	sasl.login.connect.timeout.ms = null
	sasl.login.read.timeout.ms = null
	sasl.login.refresh.buffer.seconds = 300
	sasl.login.refresh.min.period.seconds = 60
	sasl.login.refresh.window.factor = 0.8
	sasl.login.refresh.window.jitter = 0.05
	sasl.login.retry.backoff.max.ms = 10000
	sasl.login.retry.backoff.ms = 100
	sasl.mechanism = GSSAPI
	sasl.oauthbearer.assertion.algorithm = RS256
	sasl.oauthbearer.assertion.claim.aud = null
	sasl.oauthbearer.assertion.claim.exp.seconds = 300
	sasl.oauthbearer.assertion.claim.iss = null
	sasl.oauthbearer.assertion.claim.jti.include = false
	sasl.oauthbearer.assertion.claim.nbf.seconds = 60
	sasl.oauthbearer.assertion.claim.sub = null
	sasl.oauthbearer.assertion.file = null
	sasl.oauthbearer.assertion.private.key.file = null
	sasl.oauthbearer.assertion.private.key.passphrase = null
	sasl.oauthbearer.assertion.template.file = null
	sasl.oauthbearer.client.credentials.client.id = null
	sasl.oauthbearer.client.credentials.client.secret = null
	sasl.oauthbearer.clock.skew.seconds = 30
	sasl.oauthbearer.expected.audience = []
	sasl.oauthbearer.expected.issuer = null
	sasl.oauthbearer.header.urlencode = false
	sasl.oauthbearer.jwks.endpoint.refresh.ms = 3600000
	sasl.oauthbearer.jwks.endpoint.retry.backoff.max.ms = 10000
	sasl.oauthbearer.jwks.endpoint.retry.backoff.ms = 100
	sasl.oauthbearer.jwks.endpoint.url = null
	sasl.oauthbearer.jwt.retriever.class = class org.apache.kafka.common.security.oauthbearer.DefaultJwtRetriever
	sasl.oauthbearer.jwt.validator.class = class org.apache.kafka.common.security.oauthbearer.DefaultJwtValidator
	sasl.oauthbearer.scope = null
	sasl.oauthbearer.scope.claim.name = scope
	sasl.oauthbearer.sub.claim.name = sub
	sasl.oauthbearer.token.endpoint.url = null
	security.protocol = PLAINTEXT
	security.providers = null
	send.buffer.bytes = 131072
	session.timeout.ms = 45000
	share.acknowledgement.mode = implicit
	share.acquire.mode = BATCH_OPTIMIZED
	socket.connection.setup.timeout.max.ms = 30000
	socket.connection.setup.timeout.ms = 10000
	ssl.cipher.suites = []
	ssl.enabled.protocols = [TLSv1.2, TLSv1.3]
	ssl.endpoint.identification.algorithm = https
	ssl.engine.factory.class = null
	ssl.key.password = null
	ssl.keymanager.algorithm = SunX509
	ssl.keystore.certificate.chain = null
	ssl.keystore.key = null
	ssl.keystore.location = null
	ssl.keystore.password = null
	ssl.keystore.type = JKS
	ssl.protocol = TLSv1.3
	ssl.provider = null
	ssl.secure.random.implementation = null
	ssl.trustmanager.algorithm = PKIX
	ssl.truststore.certificates = null
	ssl.truststore.location = null
	ssl.truststore.password = null
	ssl.truststore.type = JKS
	value.deserializer = class org.apache.kafka.common.serialization.StringDeserializer

2026-09-28 18:14:42.159 INFO   [main] o.a.k.c.t.i.KafkaMetricsCollector - initializing Kafka metrics collector
2026-09-28 18:14:42.168 INFO   [main] o.a.kafka.common.utils.AppInfoParser - Kafka version: 4.2.1
2026-09-28 18:14:42.168 INFO   [main] o.a.kafka.common.utils.AppInfoParser - Kafka commitId: 92f61c44867f39dc
2026-09-28 18:14:42.169 INFO   [main] o.a.kafka.common.utils.AppInfoParser - Kafka startTimeMs: 1790599482168
2026-09-28 18:14:42.169 INFO   [main] o.a.k.c.c.i.ClassicKafkaConsumer - [Consumer clientId=consumer-notification-group.DLT-3, groupId=notification-group.DLT] Subscribed to topic(s): notification-topic.DLT
2026-09-28 18:14:42.174 INFO   [main] o.a.k.common.config.AbstractConfig - ConsumerConfig values: 
	allow.auto.create.topics = true
	auto.commit.interval.ms = 5000
	auto.offset.reset = earliest
	bootstrap.servers = [localhost:9092]
	check.crcs = true
	client.dns.lookup = use_all_dns_ips
	client.id = consumer-notification-group-retry-4000-4
	client.rack = 
	config.providers = []
	connections.max.idle.ms = 540000
	default.api.timeout.ms = 60000
	enable.auto.commit = false
	enable.metrics.push = true
	exclude.internal.topics = true
	fetch.max.bytes = 52428800
	fetch.max.wait.ms = 500
	fetch.min.bytes = 1
	group.id = notification-group-retry-4000
	group.instance.id = null
	group.protocol = classic
	group.remote.assignor = null
	heartbeat.interval.ms = 3000
	interceptor.classes = []
	internal.throw.on.fetch.stable.offset.unsupported = false
	isolation.level = read_uncommitted
	key.deserializer = class org.apache.kafka.common.serialization.LongDeserializer
	max.partition.fetch.bytes = 1048576
	max.poll.interval.ms = 300000
	max.poll.records = 500
	metadata.max.age.ms = 300000
	metadata.recovery.rebootstrap.trigger.ms = 300000
	metadata.recovery.strategy = rebootstrap
	metric.reporters = [org.apache.kafka.common.metrics.JmxReporter]
	metrics.num.samples = 2
	metrics.recording.level = INFO
	metrics.sample.window.ms = 30000
	partition.assignment.strategy = [class org.apache.kafka.clients.consumer.RangeAssignor, class org.apache.kafka.clients.consumer.CooperativeStickyAssignor]
	receive.buffer.bytes = 65536
	reconnect.backoff.max.ms = 1000
	reconnect.backoff.ms = 50
	request.timeout.ms = 30000
	retry.backoff.max.ms = 1000
	retry.backoff.ms = 100
	sasl.client.callback.handler.class = null
	sasl.jaas.config = null
	sasl.kerberos.kinit.cmd = /usr/bin/kinit
	sasl.kerberos.min.time.before.relogin = 60000
	sasl.kerberos.service.name = null
	sasl.kerberos.ticket.renew.jitter = 0.05
	sasl.kerberos.ticket.renew.window.factor = 0.8
	sasl.login.callback.handler.class = null
	sasl.login.class = null
	sasl.login.connect.timeout.ms = null
	sasl.login.read.timeout.ms = null
	sasl.login.refresh.buffer.seconds = 300
	sasl.login.refresh.min.period.seconds = 60
	sasl.login.refresh.window.factor = 0.8
	sasl.login.refresh.window.jitter = 0.05
	sasl.login.retry.backoff.max.ms = 10000
	sasl.login.retry.backoff.ms = 100
	sasl.mechanism = GSSAPI
	sasl.oauthbearer.assertion.algorithm = RS256
	sasl.oauthbearer.assertion.claim.aud = null
	sasl.oauthbearer.assertion.claim.exp.seconds = 300
	sasl.oauthbearer.assertion.claim.iss = null
	sasl.oauthbearer.assertion.claim.jti.include = false
	sasl.oauthbearer.assertion.claim.nbf.seconds = 60
	sasl.oauthbearer.assertion.claim.sub = null
	sasl.oauthbearer.assertion.file = null
	sasl.oauthbearer.assertion.private.key.file = null
	sasl.oauthbearer.assertion.private.key.passphrase = null
	sasl.oauthbearer.assertion.template.file = null
	sasl.oauthbearer.client.credentials.client.id = null
	sasl.oauthbearer.client.credentials.client.secret = null
	sasl.oauthbearer.clock.skew.seconds = 30
	sasl.oauthbearer.expected.audience = []
	sasl.oauthbearer.expected.issuer = null
	sasl.oauthbearer.header.urlencode = false
	sasl.oauthbearer.jwks.endpoint.refresh.ms = 3600000
	sasl.oauthbearer.jwks.endpoint.retry.backoff.max.ms = 10000
	sasl.oauthbearer.jwks.endpoint.retry.backoff.ms = 100
	sasl.oauthbearer.jwks.endpoint.url = null
	sasl.oauthbearer.jwt.retriever.class = class org.apache.kafka.common.security.oauthbearer.DefaultJwtRetriever
	sasl.oauthbearer.jwt.validator.class = class org.apache.kafka.common.security.oauthbearer.DefaultJwtValidator
	sasl.oauthbearer.scope = null
	sasl.oauthbearer.scope.claim.name = scope
	sasl.oauthbearer.sub.claim.name = sub
	sasl.oauthbearer.token.endpoint.url = null
	security.protocol = PLAINTEXT
	security.providers = null
	send.buffer.bytes = 131072
	session.timeout.ms = 45000
	share.acknowledgement.mode = implicit
	share.acquire.mode = BATCH_OPTIMIZED
	socket.connection.setup.timeout.max.ms = 30000
	socket.connection.setup.timeout.ms = 10000
	ssl.cipher.suites = []
	ssl.enabled.protocols = [TLSv1.2, TLSv1.3]
	ssl.endpoint.identification.algorithm = https
	ssl.engine.factory.class = null
	ssl.key.password = null
	ssl.keymanager.algorithm = SunX509
	ssl.keystore.certificate.chain = null
	ssl.keystore.key = null
	ssl.keystore.location = null
	ssl.keystore.password = null
	ssl.keystore.type = JKS
	ssl.protocol = TLSv1.3
	ssl.provider = null
	ssl.secure.random.implementation = null
	ssl.trustmanager.algorithm = PKIX
	ssl.truststore.certificates = null
	ssl.truststore.location = null
	ssl.truststore.password = null
	ssl.truststore.type = JKS
	value.deserializer = class org.apache.kafka.common.serialization.StringDeserializer

2026-09-28 18:14:42.175 INFO   [main] o.a.k.c.t.i.KafkaMetricsCollector - initializing Kafka metrics collector
2026-09-28 18:14:42.176 INFO   [#0-retry-8000-0-C-1] org.apache.kafka.clients.Metadata - [Consumer clientId=consumer-notification-group-retry-8000-2, groupId=notification-group-retry-8000] Cluster ID: 5L6g3nShT-eMCtK--X86sw
2026-09-28 18:14:42.176 INFO   [#0-retry-2000-0-C-1] org.apache.kafka.clients.Metadata - [Consumer clientId=consumer-notification-group-retry-2000-1, groupId=notification-group-retry-2000] Cluster ID: 5L6g3nShT-eMCtK--X86sw
2026-09-28 18:14:42.183 INFO   [#0-retry-8000-0-C-1] o.a.k.c.c.i.ConsumerCoordinator - [Consumer clientId=consumer-notification-group-retry-8000-2, groupId=notification-group-retry-8000] Discovered group coordinator localhost:9092 (id: 2147483646 rack: null isFenced: false)
2026-09-28 18:14:42.183 INFO   [#0-retry-2000-0-C-1] o.a.k.c.c.i.ConsumerCoordinator - [Consumer clientId=consumer-notification-group-retry-2000-1, groupId=notification-group-retry-2000] Discovered group coordinator localhost:9092 (id: 2147483646 rack: null isFenced: false)
2026-09-28 18:14:42.186 INFO   [#0-retry-2000-0-C-1] o.a.k.c.c.i.ConsumerCoordinator - [Consumer clientId=consumer-notification-group-retry-2000-1, groupId=notification-group-retry-2000] (Re-)joining group
2026-09-28 18:14:42.186 INFO   [#0-retry-8000-0-C-1] o.a.k.c.c.i.ConsumerCoordinator - [Consumer clientId=consumer-notification-group-retry-8000-2, groupId=notification-group-retry-8000] (Re-)joining group
2026-09-28 18:14:42.186 INFO   [main] o.a.kafka.common.utils.AppInfoParser - Kafka version: 4.2.1
2026-09-28 18:14:42.186 INFO   [main] o.a.kafka.common.utils.AppInfoParser - Kafka commitId: 92f61c44867f39dc
2026-09-28 18:14:42.187 INFO   [main] o.a.kafka.common.utils.AppInfoParser - Kafka startTimeMs: 1790599482186
2026-09-28 18:14:42.187 INFO   [#0.DLT-0-C-1] org.apache.kafka.clients.Metadata - [Consumer clientId=consumer-notification-group.DLT-3, groupId=notification-group.DLT] Cluster ID: 5L6g3nShT-eMCtK--X86sw
2026-09-28 18:14:42.187 INFO   [main] o.a.k.c.c.i.ClassicKafkaConsumer - [Consumer clientId=consumer-notification-group-retry-4000-4, groupId=notification-group-retry-4000] Subscribed to topic(s): notification-topic-retry-4000
2026-09-28 18:14:42.188 INFO   [#0.DLT-0-C-1] o.a.k.c.c.i.ConsumerCoordinator - [Consumer clientId=consumer-notification-group.DLT-3, groupId=notification-group.DLT] Discovered group coordinator localhost:9092 (id: 2147483646 rack: null isFenced: false)
2026-09-28 18:14:42.189 INFO   [#0.DLT-0-C-1] o.a.k.c.c.i.ConsumerCoordinator - [Consumer clientId=consumer-notification-group.DLT-3, groupId=notification-group.DLT] (Re-)joining group
2026-09-28 18:14:42.189 INFO   [main] o.a.k.common.config.AbstractConfig - ConsumerConfig values: 
	allow.auto.create.topics = true
	auto.commit.interval.ms = 5000
	auto.offset.reset = earliest
	bootstrap.servers = [localhost:9092]
	check.crcs = true
	client.dns.lookup = use_all_dns_ips
	client.id = consumer-notification-group-5
	client.rack = 
	config.providers = []
	connections.max.idle.ms = 540000
	default.api.timeout.ms = 60000
	enable.auto.commit = false
	enable.metrics.push = true
	exclude.internal.topics = true
	fetch.max.bytes = 52428800
	fetch.max.wait.ms = 500
	fetch.min.bytes = 1
	group.id = notification-group
	group.instance.id = null
	group.protocol = classic
	group.remote.assignor = null
	heartbeat.interval.ms = 3000
	interceptor.classes = []
	internal.throw.on.fetch.stable.offset.unsupported = false
	isolation.level = read_uncommitted
	key.deserializer = class org.apache.kafka.common.serialization.LongDeserializer
	max.partition.fetch.bytes = 1048576
	max.poll.interval.ms = 300000
	max.poll.records = 500
	metadata.max.age.ms = 300000
	metadata.recovery.rebootstrap.trigger.ms = 300000
	metadata.recovery.strategy = rebootstrap
	metric.reporters = [org.apache.kafka.common.metrics.JmxReporter]
	metrics.num.samples = 2
	metrics.recording.level = INFO
	metrics.sample.window.ms = 30000
	partition.assignment.strategy = [class org.apache.kafka.clients.consumer.RangeAssignor, class org.apache.kafka.clients.consumer.CooperativeStickyAssignor]
	receive.buffer.bytes = 65536
	reconnect.backoff.max.ms = 1000
	reconnect.backoff.ms = 50
	request.timeout.ms = 30000
	retry.backoff.max.ms = 1000
	retry.backoff.ms = 100
	sasl.client.callback.handler.class = null
	sasl.jaas.config = null
	sasl.kerberos.kinit.cmd = /usr/bin/kinit
	sasl.kerberos.min.time.before.relogin = 60000
	sasl.kerberos.service.name = null
	sasl.kerberos.ticket.renew.jitter = 0.05
	sasl.kerberos.ticket.renew.window.factor = 0.8
	sasl.login.callback.handler.class = null
	sasl.login.class = null
	sasl.login.connect.timeout.ms = null
	sasl.login.read.timeout.ms = null
	sasl.login.refresh.buffer.seconds = 300
	sasl.login.refresh.min.period.seconds = 60
	sasl.login.refresh.window.factor = 0.8
	sasl.login.refresh.window.jitter = 0.05
	sasl.login.retry.backoff.max.ms = 10000
	sasl.login.retry.backoff.ms = 100
	sasl.mechanism = GSSAPI
	sasl.oauthbearer.assertion.algorithm = RS256
	sasl.oauthbearer.assertion.claim.aud = null
	sasl.oauthbearer.assertion.claim.exp.seconds = 300
	sasl.oauthbearer.assertion.claim.iss = null
	sasl.oauthbearer.assertion.claim.jti.include = false
	sasl.oauthbearer.assertion.claim.nbf.seconds = 60
	sasl.oauthbearer.assertion.claim.sub = null
	sasl.oauthbearer.assertion.file = null
	sasl.oauthbearer.assertion.private.key.file = null
	sasl.oauthbearer.assertion.private.key.passphrase = null
	sasl.oauthbearer.assertion.template.file = null
	sasl.oauthbearer.client.credentials.client.id = null
	sasl.oauthbearer.client.credentials.client.secret = null
	sasl.oauthbearer.clock.skew.seconds = 30
	sasl.oauthbearer.expected.audience = []
	sasl.oauthbearer.expected.issuer = null
	sasl.oauthbearer.header.urlencode = false
	sasl.oauthbearer.jwks.endpoint.refresh.ms = 3600000
	sasl.oauthbearer.jwks.endpoint.retry.backoff.max.ms = 10000
	sasl.oauthbearer.jwks.endpoint.retry.backoff.ms = 100
	sasl.oauthbearer.jwks.endpoint.url = null
	sasl.oauthbearer.jwt.retriever.class = class org.apache.kafka.common.security.oauthbearer.DefaultJwtRetriever
	sasl.oauthbearer.jwt.validator.class = class org.apache.kafka.common.security.oauthbearer.DefaultJwtValidator
	sasl.oauthbearer.scope = null
	sasl.oauthbearer.scope.claim.name = scope
	sasl.oauthbearer.sub.claim.name = sub
	sasl.oauthbearer.token.endpoint.url = null
	security.protocol = PLAINTEXT
	security.providers = null
	send.buffer.bytes = 131072
	session.timeout.ms = 45000
	share.acknowledgement.mode = implicit
	share.acquire.mode = BATCH_OPTIMIZED
	socket.connection.setup.timeout.max.ms = 30000
	socket.connection.setup.timeout.ms = 10000
	ssl.cipher.suites = []
	ssl.enabled.protocols = [TLSv1.2, TLSv1.3]
	ssl.endpoint.identification.algorithm = https
	ssl.engine.factory.class = null
	ssl.key.password = null
	ssl.keymanager.algorithm = SunX509
	ssl.keystore.certificate.chain = null
	ssl.keystore.key = null
	ssl.keystore.location = null
	ssl.keystore.password = null
	ssl.keystore.type = JKS
	ssl.protocol = TLSv1.3
	ssl.provider = null
	ssl.secure.random.implementation = null
	ssl.trustmanager.algorithm = PKIX
	ssl.truststore.certificates = null
	ssl.truststore.location = null
	ssl.truststore.password = null
	ssl.truststore.type = JKS
	value.deserializer = class org.apache.kafka.common.serialization.StringDeserializer

2026-09-28 18:14:42.190 INFO   [main] o.a.k.c.t.i.KafkaMetricsCollector - initializing Kafka metrics collector
2026-09-28 18:14:42.194 INFO   [main] o.a.kafka.common.utils.AppInfoParser - Kafka version: 4.2.1
2026-09-28 18:14:42.194 INFO   [main] o.a.kafka.common.utils.AppInfoParser - Kafka commitId: 92f61c44867f39dc
2026-09-28 18:14:42.194 INFO   [main] o.a.kafka.common.utils.AppInfoParser - Kafka startTimeMs: 1790599482194
2026-09-28 18:14:42.194 INFO   [main] o.a.k.c.c.i.ClassicKafkaConsumer - [Consumer clientId=consumer-notification-group-5, groupId=notification-group] Subscribed to topic(s): notification-topic
2026-09-28 18:14:42.197 INFO   [#0-retry-4000-0-C-1] org.apache.kafka.clients.Metadata - [Consumer clientId=consumer-notification-group-retry-4000-4, groupId=notification-group-retry-4000] Cluster ID: 5L6g3nShT-eMCtK--X86sw
2026-09-28 18:14:42.198 INFO   [#0-retry-4000-0-C-1] o.a.k.c.c.i.ConsumerCoordinator - [Consumer clientId=consumer-notification-group-retry-4000-4, groupId=notification-group-retry-4000] Discovered group coordinator localhost:9092 (id: 2147483646 rack: null isFenced: false)
2026-09-28 18:14:42.199 INFO   [#0-retry-4000-0-C-1] o.a.k.c.c.i.ConsumerCoordinator - [Consumer clientId=consumer-notification-group-retry-4000-4, groupId=notification-group-retry-4000] (Re-)joining group
2026-09-28 18:14:42.204 INFO   [main] c.k.m.MicroserviceNotificationConsumerApplication - Started MicroserviceNotificationConsumerApplication in 3.696 seconds (process running for 4.092)
2026-09-28 18:14:42.205 INFO   [#0-0-C-1] org.apache.kafka.clients.Metadata - [Consumer clientId=consumer-notification-group-5, groupId=notification-group] Cluster ID: 5L6g3nShT-eMCtK--X86sw
2026-09-28 18:14:42.206 INFO   [#0-0-C-1] o.a.k.c.c.i.ConsumerCoordinator - [Consumer clientId=consumer-notification-group-5, groupId=notification-group] Discovered group coordinator localhost:9092 (id: 2147483646 rack: null isFenced: false)
2026-09-28 18:14:42.208 INFO   [#0-0-C-1] o.a.k.c.c.i.ConsumerCoordinator - [Consumer clientId=consumer-notification-group-5, groupId=notification-group] (Re-)joining group
2026-09-28 18:14:42.211 INFO   [#0-retry-2000-0-C-1] o.a.k.c.c.i.ConsumerCoordinator - [Consumer clientId=consumer-notification-group-retry-2000-1, groupId=notification-group-retry-2000] Request joining group due to: need to re-join with the given member-id: consumer-notification-group-retry-2000-1-952c40eb-d633-4b97-9587-c2e9a38a9146
2026-09-28 18:14:42.211 INFO   [#0.DLT-0-C-1] o.a.k.c.c.i.ConsumerCoordinator - [Consumer clientId=consumer-notification-group.DLT-3, groupId=notification-group.DLT] Request joining group due to: need to re-join with the given member-id: consumer-notification-group.DLT-3-24333691-c0f1-4ae9-8162-c03d94c2d332
2026-09-28 18:14:42.211 INFO   [#0-retry-8000-0-C-1] o.a.k.c.c.i.ConsumerCoordinator - [Consumer clientId=consumer-notification-group-retry-8000-2, groupId=notification-group-retry-8000] Request joining group due to: need to re-join with the given member-id: consumer-notification-group-retry-8000-2-44a24810-a602-4e8b-8026-0fa4f4113591
2026-09-28 18:14:42.211 INFO   [#0-retry-4000-0-C-1] o.a.k.c.c.i.ConsumerCoordinator - [Consumer clientId=consumer-notification-group-retry-4000-4, groupId=notification-group-retry-4000] Request joining group due to: need to re-join with the given member-id: consumer-notification-group-retry-4000-4-45d19dc1-f19d-4c80-b574-8088c74483c2
2026-09-28 18:14:42.212 INFO   [#0-retry-8000-0-C-1] o.a.k.c.c.i.ConsumerCoordinator - [Consumer clientId=consumer-notification-group-retry-8000-2, groupId=notification-group-retry-8000] (Re-)joining group
2026-09-28 18:14:42.212 INFO   [#0-retry-4000-0-C-1] o.a.k.c.c.i.ConsumerCoordinator - [Consumer clientId=consumer-notification-group-retry-4000-4, groupId=notification-group-retry-4000] (Re-)joining group
2026-09-28 18:14:42.212 INFO   [#0-retry-2000-0-C-1] o.a.k.c.c.i.ConsumerCoordinator - [Consumer clientId=consumer-notification-group-retry-2000-1, groupId=notification-group-retry-2000] (Re-)joining group
2026-09-28 18:14:42.212 INFO   [#0.DLT-0-C-1] o.a.k.c.c.i.ConsumerCoordinator - [Consumer clientId=consumer-notification-group.DLT-3, groupId=notification-group.DLT] (Re-)joining group
2026-09-28 18:14:42.216 INFO   [#0-0-C-1] o.a.k.c.c.i.ConsumerCoordinator - [Consumer clientId=consumer-notification-group-5, groupId=notification-group] Request joining group due to: need to re-join with the given member-id: consumer-notification-group-5-a514b339-19ee-4ac1-88c9-9cd4cf2269ce
2026-09-28 18:14:42.217 INFO   [#0-0-C-1] o.a.k.c.c.i.ConsumerCoordinator - [Consumer clientId=consumer-notification-group-5, groupId=notification-group] (Re-)joining group
2026-09-28 18:14:42.219 INFO   [#0-retry-4000-0-C-1] o.a.k.c.c.i.ConsumerCoordinator - [Consumer clientId=consumer-notification-group-retry-4000-4, groupId=notification-group-retry-4000] Successfully joined group with generation Generation{generationId=7, memberId='consumer-notification-group-retry-4000-4-45d19dc1-f19d-4c80-b574-8088c74483c2', protocol='range'}
2026-09-28 18:14:42.219 INFO   [#0-retry-2000-0-C-1] o.a.k.c.c.i.ConsumerCoordinator - [Consumer clientId=consumer-notification-group-retry-2000-1, groupId=notification-group-retry-2000] Successfully joined group with generation Generation{generationId=7, memberId='consumer-notification-group-retry-2000-1-952c40eb-d633-4b97-9587-c2e9a38a9146', protocol='range'}
2026-09-28 18:14:42.219 INFO   [#0-retry-8000-0-C-1] o.a.k.c.c.i.ConsumerCoordinator - [Consumer clientId=consumer-notification-group-retry-8000-2, groupId=notification-group-retry-8000] Successfully joined group with generation Generation{generationId=7, memberId='consumer-notification-group-retry-8000-2-44a24810-a602-4e8b-8026-0fa4f4113591', protocol='range'}
2026-09-28 18:14:42.219 INFO   [#0.DLT-0-C-1] o.a.k.c.c.i.ConsumerCoordinator - [Consumer clientId=consumer-notification-group.DLT-3, groupId=notification-group.DLT] Successfully joined group with generation Generation{generationId=7, memberId='consumer-notification-group.DLT-3-24333691-c0f1-4ae9-8162-c03d94c2d332', protocol='range'}
2026-09-28 18:14:42.221 INFO   [#0-0-C-1] o.a.k.c.c.i.ConsumerCoordinator - [Consumer clientId=consumer-notification-group-5, groupId=notification-group] Successfully joined group with generation Generation{generationId=16, memberId='consumer-notification-group-5-a514b339-19ee-4ac1-88c9-9cd4cf2269ce', protocol='range'}
2026-09-28 18:14:42.228 INFO   [#0.DLT-0-C-1] o.a.k.c.c.i.ConsumerCoordinator - [Consumer clientId=consumer-notification-group.DLT-3, groupId=notification-group.DLT] Finished assignment for group at generation 7: {consumer-notification-group.DLT-3-24333691-c0f1-4ae9-8162-c03d94c2d332=Assignment(partitions=[notification-topic.DLT-0])}
2026-09-28 18:14:42.229 INFO   [#0-retry-8000-0-C-1] o.a.k.c.c.i.ConsumerCoordinator - [Consumer clientId=consumer-notification-group-retry-8000-2, groupId=notification-group-retry-8000] Finished assignment for group at generation 7: {consumer-notification-group-retry-8000-2-44a24810-a602-4e8b-8026-0fa4f4113591=Assignment(partitions=[notification-topic-retry-8000-0])}
2026-09-28 18:14:42.229 INFO   [#0-retry-4000-0-C-1] o.a.k.c.c.i.ConsumerCoordinator - [Consumer clientId=consumer-notification-group-retry-4000-4, groupId=notification-group-retry-4000] Finished assignment for group at generation 7: {consumer-notification-group-retry-4000-4-45d19dc1-f19d-4c80-b574-8088c74483c2=Assignment(partitions=[notification-topic-retry-4000-0])}
2026-09-28 18:14:42.229 INFO   [#0-0-C-1] o.a.k.c.c.i.ConsumerCoordinator - [Consumer clientId=consumer-notification-group-5, groupId=notification-group] Finished assignment for group at generation 16: {consumer-notification-group-5-a514b339-19ee-4ac1-88c9-9cd4cf2269ce=Assignment(partitions=[notification-topic-0, notification-topic-1, notification-topic-2])}
2026-09-28 18:14:42.229 INFO   [#0-retry-2000-0-C-1] o.a.k.c.c.i.ConsumerCoordinator - [Consumer clientId=consumer-notification-group-retry-2000-1, groupId=notification-group-retry-2000] Finished assignment for group at generation 7: {consumer-notification-group-retry-2000-1-952c40eb-d633-4b97-9587-c2e9a38a9146=Assignment(partitions=[notification-topic-retry-2000-0])}
2026-09-28 18:14:42.247 INFO   [#0-0-C-1] o.a.k.c.c.i.ConsumerCoordinator - [Consumer clientId=consumer-notification-group-5, groupId=notification-group] Successfully synced group in generation Generation{generationId=16, memberId='consumer-notification-group-5-a514b339-19ee-4ac1-88c9-9cd4cf2269ce', protocol='range'}
2026-09-28 18:14:42.247 INFO   [#0-retry-4000-0-C-1] o.a.k.c.c.i.ConsumerCoordinator - [Consumer clientId=consumer-notification-group-retry-4000-4, groupId=notification-group-retry-4000] Successfully synced group in generation Generation{generationId=7, memberId='consumer-notification-group-retry-4000-4-45d19dc1-f19d-4c80-b574-8088c74483c2', protocol='range'}
2026-09-28 18:14:42.247 INFO   [#0-retry-8000-0-C-1] o.a.k.c.c.i.ConsumerCoordinator - [Consumer clientId=consumer-notification-group-retry-8000-2, groupId=notification-group-retry-8000] Successfully synced group in generation Generation{generationId=7, memberId='consumer-notification-group-retry-8000-2-44a24810-a602-4e8b-8026-0fa4f4113591', protocol='range'}
2026-09-28 18:14:42.247 INFO   [#0-retry-2000-0-C-1] o.a.k.c.c.i.ConsumerCoordinator - [Consumer clientId=consumer-notification-group-retry-2000-1, groupId=notification-group-retry-2000] Successfully synced group in generation Generation{generationId=7, memberId='consumer-notification-group-retry-2000-1-952c40eb-d633-4b97-9587-c2e9a38a9146', protocol='range'}
2026-09-28 18:14:42.247 INFO   [#0.DLT-0-C-1] o.a.k.c.c.i.ConsumerCoordinator - [Consumer clientId=consumer-notification-group.DLT-3, groupId=notification-group.DLT] Successfully synced group in generation Generation{generationId=7, memberId='consumer-notification-group.DLT-3-24333691-c0f1-4ae9-8162-c03d94c2d332', protocol='range'}
2026-09-28 18:14:42.248 INFO   [#0.DLT-0-C-1] o.a.k.c.c.i.ConsumerCoordinator - [Consumer clientId=consumer-notification-group.DLT-3, groupId=notification-group.DLT] Notifying assignor about the new Assignment(partitions=[notification-topic.DLT-0])
2026-09-28 18:14:42.248 INFO   [#0-0-C-1] o.a.k.c.c.i.ConsumerCoordinator - [Consumer clientId=consumer-notification-group-5, groupId=notification-group] Notifying assignor about the new Assignment(partitions=[notification-topic-0, notification-topic-1, notification-topic-2])
2026-09-28 18:14:42.248 INFO   [#0-retry-4000-0-C-1] o.a.k.c.c.i.ConsumerCoordinator - [Consumer clientId=consumer-notification-group-retry-4000-4, groupId=notification-group-retry-4000] Notifying assignor about the new Assignment(partitions=[notification-topic-retry-4000-0])
2026-09-28 18:14:42.248 INFO   [#0-retry-8000-0-C-1] o.a.k.c.c.i.ConsumerCoordinator - [Consumer clientId=consumer-notification-group-retry-8000-2, groupId=notification-group-retry-8000] Notifying assignor about the new Assignment(partitions=[notification-topic-retry-8000-0])
2026-09-28 18:14:42.248 INFO   [#0-retry-2000-0-C-1] o.a.k.c.c.i.ConsumerCoordinator - [Consumer clientId=consumer-notification-group-retry-2000-1, groupId=notification-group-retry-2000] Notifying assignor about the new Assignment(partitions=[notification-topic-retry-2000-0])
2026-09-28 18:14:42.250 INFO   [#0-0-C-1] o.a.k.c.c.i.ConsumerRebalanceListenerInvoker - [Consumer clientId=consumer-notification-group-5, groupId=notification-group] Adding newly assigned partitions: [notification-topic-0, notification-topic-1, notification-topic-2]
2026-09-28 18:14:42.250 INFO   [#0-retry-4000-0-C-1] o.a.k.c.c.i.ConsumerRebalanceListenerInvoker - [Consumer clientId=consumer-notification-group-retry-4000-4, groupId=notification-group-retry-4000] Adding newly assigned partitions: [notification-topic-retry-4000-0]
2026-09-28 18:14:42.250 INFO   [#0-retry-2000-0-C-1] o.a.k.c.c.i.ConsumerRebalanceListenerInvoker - [Consumer clientId=consumer-notification-group-retry-2000-1, groupId=notification-group-retry-2000] Adding newly assigned partitions: [notification-topic-retry-2000-0]
2026-09-28 18:14:42.250 INFO   [#0.DLT-0-C-1] o.a.k.c.c.i.ConsumerRebalanceListenerInvoker - [Consumer clientId=consumer-notification-group.DLT-3, groupId=notification-group.DLT] Adding newly assigned partitions: [notification-topic.DLT-0]
2026-09-28 18:14:42.250 INFO   [#0-retry-8000-0-C-1] o.a.k.c.c.i.ConsumerRebalanceListenerInvoker - [Consumer clientId=consumer-notification-group-retry-8000-2, groupId=notification-group-retry-8000] Adding newly assigned partitions: [notification-topic-retry-8000-0]
2026-09-28 18:14:42.261 INFO   [#0-retry-4000-0-C-1] o.a.k.c.c.i.ConsumerCoordinator - [Consumer clientId=consumer-notification-group-retry-4000-4, groupId=notification-group-retry-4000] Found no committed offset for partition notification-topic-retry-4000-0
2026-09-28 18:14:42.261 INFO   [#0-retry-8000-0-C-1] o.a.k.c.c.i.ConsumerCoordinator - [Consumer clientId=consumer-notification-group-retry-8000-2, groupId=notification-group-retry-8000] Found no committed offset for partition notification-topic-retry-8000-0
2026-09-28 18:14:42.261 INFO   [#0-0-C-1] o.a.k.c.c.i.ConsumerCoordinator - [Consumer clientId=consumer-notification-group-5, groupId=notification-group] Found no committed offset for partition notification-topic-0
2026-09-28 18:14:42.261 INFO   [#0.DLT-0-C-1] o.a.k.c.c.i.ConsumerCoordinator - [Consumer clientId=consumer-notification-group.DLT-3, groupId=notification-group.DLT] Found no committed offset for partition notification-topic.DLT-0
2026-09-28 18:14:42.261 INFO   [#0-retry-2000-0-C-1] o.a.k.c.c.i.ConsumerCoordinator - [Consumer clientId=consumer-notification-group-retry-2000-1, groupId=notification-group-retry-2000] Found no committed offset for partition notification-topic-retry-2000-0
2026-09-28 18:14:42.264 INFO   [#0-0-C-1] o.a.k.c.c.internals.ConsumerUtils - Setting offset for partition notification-topic-1 to the committed offset FetchPosition{offset=1, offsetEpoch=Optional.empty, currentLeader=LeaderAndEpoch{leader=Optional[localhost:9092 (id: 1 rack: null isFenced: false)], epoch=2}}
2026-09-28 18:14:42.268 INFO   [#0-0-C-1] o.a.k.c.c.internals.ConsumerUtils - Setting offset for partition notification-topic-2 to the committed offset FetchPosition{offset=1, offsetEpoch=Optional.empty, currentLeader=LeaderAndEpoch{leader=Optional[localhost:9092 (id: 1 rack: null isFenced: false)], epoch=2}}
2026-09-28 18:14:42.276 INFO   [#0-retry-2000-0-C-1] o.a.k.c.c.i.SubscriptionState - [Consumer clientId=consumer-notification-group-retry-2000-1, groupId=notification-group-retry-2000] Resetting offset for partition notification-topic-retry-2000-0 to position FetchPosition{offset=0, offsetEpoch=Optional.empty, currentLeader=LeaderAndEpoch{leader=Optional[localhost:9092 (id: 1 rack: null isFenced: false)], epoch=0}}.
2026-09-28 18:14:42.276 INFO   [#0-retry-4000-0-C-1] o.a.k.c.c.i.SubscriptionState - [Consumer clientId=consumer-notification-group-retry-4000-4, groupId=notification-group-retry-4000] Resetting offset for partition notification-topic-retry-4000-0 to position FetchPosition{offset=0, offsetEpoch=Optional.empty, currentLeader=LeaderAndEpoch{leader=Optional[localhost:9092 (id: 1 rack: null isFenced: false)], epoch=0}}.
2026-09-28 18:14:42.276 INFO   [#0-retry-8000-0-C-1] o.a.k.c.c.i.SubscriptionState - [Consumer clientId=consumer-notification-group-retry-8000-2, groupId=notification-group-retry-8000] Resetting offset for partition notification-topic-retry-8000-0 to position FetchPosition{offset=0, offsetEpoch=Optional.empty, currentLeader=LeaderAndEpoch{leader=Optional[localhost:9092 (id: 1 rack: null isFenced: false)], epoch=0}}.
2026-09-28 18:14:42.276 INFO   [#0.DLT-0-C-1] o.a.k.c.c.i.SubscriptionState - [Consumer clientId=consumer-notification-group.DLT-3, groupId=notification-group.DLT] Resetting offset for partition notification-topic.DLT-0 to position FetchPosition{offset=0, offsetEpoch=Optional.empty, currentLeader=LeaderAndEpoch{leader=Optional[localhost:9092 (id: 1 rack: null isFenced: false)], epoch=0}}.
2026-09-28 18:14:42.277 INFO   [#0-retry-8000-0-C-1] o.s.k.l.KafkaMessageListenerContainer - notification-group-retry-8000: partitions assigned: [notification-topic-retry-8000-0]
2026-09-28 18:14:42.277 INFO   [#0.DLT-0-C-1] o.s.k.l.KafkaMessageListenerContainer - notification-group.DLT: partitions assigned: [notification-topic.DLT-0]
2026-09-28 18:14:42.277 INFO   [#0-retry-2000-0-C-1] o.s.k.l.KafkaMessageListenerContainer - notification-group-retry-2000: partitions assigned: [notification-topic-retry-2000-0]
2026-09-28 18:14:42.278 INFO   [#0-retry-4000-0-C-1] o.s.k.l.KafkaMessageListenerContainer - notification-group-retry-4000: partitions assigned: [notification-topic-retry-4000-0]
2026-09-28 18:14:42.278 INFO   [#0-0-C-1] o.a.k.c.c.i.SubscriptionState - [Consumer clientId=consumer-notification-group-5, groupId=notification-group] Resetting offset for partition notification-topic-0 to position FetchPosition{offset=0, offsetEpoch=Optional.empty, currentLeader=LeaderAndEpoch{leader=Optional[localhost:9092 (id: 1 rack: null isFenced: false)], epoch=2}}.
2026-09-28 18:14:42.278 INFO   [#0-0-C-1] o.s.k.l.KafkaMessageListenerContainer - notification-group: partitions assigned: [notification-topic-0, notification-topic-1, notification-topic-2]
2026-09-28 18:19:52.644 INFO   [RMI TCP Connection(6)-10.92.45.245] o.s.b.a.SpringApplicationAdminMXBeanRegistrar$SpringApplicationAdmin - Application shutdown requested.
2026-09-28 18:19:52.649 INFO   [#0-retry-8000-0-C-1] o.a.k.c.c.i.ConsumerRebalanceListenerInvoker - [Consumer clientId=consumer-notification-group-retry-8000-2, groupId=notification-group-retry-8000] Revoke previously assigned partitions [notification-topic-retry-8000-0]
2026-09-28 18:19:52.649 INFO   [#0.DLT-0-C-1] o.a.k.c.c.i.ConsumerRebalanceListenerInvoker - [Consumer clientId=consumer-notification-group.DLT-3, groupId=notification-group.DLT] Revoke previously assigned partitions [notification-topic.DLT-0]
2026-09-28 18:19:52.649 INFO   [#0-retry-4000-0-C-1] o.a.k.c.c.i.ConsumerRebalanceListenerInvoker - [Consumer clientId=consumer-notification-group-retry-4000-4, groupId=notification-group-retry-4000] Revoke previously assigned partitions [notification-topic-retry-4000-0]
2026-09-28 18:19:52.649 INFO   [#0-retry-2000-0-C-1] o.a.k.c.c.i.ConsumerRebalanceListenerInvoker - [Consumer clientId=consumer-notification-group-retry-2000-1, groupId=notification-group-retry-2000] Revoke previously assigned partitions [notification-topic-retry-2000-0]
2026-09-28 18:19:52.649 INFO   [#0-0-C-1] o.a.k.c.c.i.ConsumerRebalanceListenerInvoker - [Consumer clientId=consumer-notification-group-5, groupId=notification-group] Revoke previously assigned partitions [notification-topic-0, notification-topic-1, notification-topic-2]
2026-09-28 18:19:52.650 INFO   [#0-retry-4000-0-C-1] o.s.k.l.KafkaMessageListenerContainer - notification-group-retry-4000: partitions revoked: [notification-topic-retry-4000-0]
2026-09-28 18:19:52.650 INFO   [#0-retry-8000-0-C-1] o.s.k.l.KafkaMessageListenerContainer - notification-group-retry-8000: partitions revoked: [notification-topic-retry-8000-0]
2026-09-28 18:19:52.650 INFO   [#0.DLT-0-C-1] o.s.k.l.KafkaMessageListenerContainer - notification-group.DLT: partitions revoked: [notification-topic.DLT-0]
2026-09-28 18:19:52.650 INFO   [#0-0-C-1] o.s.k.l.KafkaMessageListenerContainer - notification-group: partitions revoked: [notification-topic-0, notification-topic-1, notification-topic-2]
2026-09-28 18:19:52.650 INFO   [#0-retry-2000-0-C-1] o.s.k.l.KafkaMessageListenerContainer - notification-group-retry-2000: partitions revoked: [notification-topic-retry-2000-0]
2026-09-28 18:19:52.654 INFO   [#0-retry-4000-0-C-1] o.a.k.c.c.i.ConsumerCoordinator - [Consumer clientId=consumer-notification-group-retry-4000-4, groupId=notification-group-retry-4000] Member consumer-notification-group-retry-4000-4-45d19dc1-f19d-4c80-b574-8088c74483c2 sending LeaveGroup request to coordinator localhost:9092 (id: 2147483646 rack: null isFenced: false) due to the consumer unsubscribed from all topics
2026-09-28 18:19:52.654 INFO   [#0-retry-2000-0-C-1] o.a.k.c.c.i.ConsumerCoordinator - [Consumer clientId=consumer-notification-group-retry-2000-1, groupId=notification-group-retry-2000] Member consumer-notification-group-retry-2000-1-952c40eb-d633-4b97-9587-c2e9a38a9146 sending LeaveGroup request to coordinator localhost:9092 (id: 2147483646 rack: null isFenced: false) due to the consumer unsubscribed from all topics
2026-09-28 18:19:52.654 INFO   [#0.DLT-0-C-1] o.a.k.c.c.i.ConsumerCoordinator - [Consumer clientId=consumer-notification-group.DLT-3, groupId=notification-group.DLT] Member consumer-notification-group.DLT-3-24333691-c0f1-4ae9-8162-c03d94c2d332 sending LeaveGroup request to coordinator localhost:9092 (id: 2147483646 rack: null isFenced: false) due to the consumer unsubscribed from all topics
2026-09-28 18:19:52.654 INFO   [#0-0-C-1] o.a.k.c.c.i.ConsumerCoordinator - [Consumer clientId=consumer-notification-group-5, groupId=notification-group] Member consumer-notification-group-5-a514b339-19ee-4ac1-88c9-9cd4cf2269ce sending LeaveGroup request to coordinator localhost:9092 (id: 2147483646 rack: null isFenced: false) due to the consumer unsubscribed from all topics
2026-09-28 18:19:52.654 INFO   [#0-retry-8000-0-C-1] o.a.k.c.c.i.ConsumerCoordinator - [Consumer clientId=consumer-notification-group-retry-8000-2, groupId=notification-group-retry-8000] Member consumer-notification-group-retry-8000-2-44a24810-a602-4e8b-8026-0fa4f4113591 sending LeaveGroup request to coordinator localhost:9092 (id: 2147483646 rack: null isFenced: false) due to the consumer unsubscribed from all topics
2026-09-28 18:19:52.656 INFO   [#0-0-C-1] o.a.k.c.c.i.ConsumerCoordinator - [Consumer clientId=consumer-notification-group-5, groupId=notification-group] Resetting generation and member id due to: consumer pro-actively leaving the group
2026-09-28 18:19:52.656 INFO   [#0-retry-8000-0-C-1] o.a.k.c.c.i.ConsumerCoordinator - [Consumer clientId=consumer-notification-group-retry-8000-2, groupId=notification-group-retry-8000] Resetting generation and member id due to: consumer pro-actively leaving the group
2026-09-28 18:19:52.656 INFO   [#0.DLT-0-C-1] o.a.k.c.c.i.ConsumerCoordinator - [Consumer clientId=consumer-notification-group.DLT-3, groupId=notification-group.DLT] Resetting generation and member id due to: consumer pro-actively leaving the group
2026-09-28 18:19:52.656 INFO   [#0-retry-2000-0-C-1] o.a.k.c.c.i.ConsumerCoordinator - [Consumer clientId=consumer-notification-group-retry-2000-1, groupId=notification-group-retry-2000] Resetting generation and member id due to: consumer pro-actively leaving the group
2026-09-28 18:19:52.656 INFO   [#0-0-C-1] o.a.k.c.c.i.ConsumerCoordinator - [Consumer clientId=consumer-notification-group-5, groupId=notification-group] Request joining group due to: consumer pro-actively leaving the group
2026-09-28 18:19:52.656 INFO   [#0-retry-8000-0-C-1] o.a.k.c.c.i.ConsumerCoordinator - [Consumer clientId=consumer-notification-group-retry-8000-2, groupId=notification-group-retry-8000] Request joining group due to: consumer pro-actively leaving the group
2026-09-28 18:19:52.656 INFO   [#0-retry-4000-0-C-1] o.a.k.c.c.i.ConsumerCoordinator - [Consumer clientId=consumer-notification-group-retry-4000-4, groupId=notification-group-retry-4000] Resetting generation and member id due to: consumer pro-actively leaving the group
2026-09-28 18:19:52.656 INFO   [#0-retry-2000-0-C-1] o.a.k.c.c.i.ConsumerCoordinator - [Consumer clientId=consumer-notification-group-retry-2000-1, groupId=notification-group-retry-2000] Request joining group due to: consumer pro-actively leaving the group
2026-09-28 18:19:52.657 INFO   [#0-retry-8000-0-C-1] o.a.k.c.c.i.ClassicKafkaConsumer - [Consumer clientId=consumer-notification-group-retry-8000-2, groupId=notification-group-retry-8000] Unsubscribed all topics or patterns and assigned partitions
2026-09-28 18:19:52.657 INFO   [#0-0-C-1] o.a.k.c.c.i.ClassicKafkaConsumer - [Consumer clientId=consumer-notification-group-5, groupId=notification-group] Unsubscribed all topics or patterns and assigned partitions
2026-09-28 18:19:52.656 INFO   [#0.DLT-0-C-1] o.a.k.c.c.i.ConsumerCoordinator - [Consumer clientId=consumer-notification-group.DLT-3, groupId=notification-group.DLT] Request joining group due to: consumer pro-actively leaving the group
2026-09-28 18:19:52.657 INFO   [#0-retry-4000-0-C-1] o.a.k.c.c.i.ConsumerCoordinator - [Consumer clientId=consumer-notification-group-retry-4000-4, groupId=notification-group-retry-4000] Request joining group due to: consumer pro-actively leaving the group
2026-09-28 18:19:52.657 INFO   [#0.DLT-0-C-1] o.a.k.c.c.i.ClassicKafkaConsumer - [Consumer clientId=consumer-notification-group.DLT-3, groupId=notification-group.DLT] Unsubscribed all topics or patterns and assigned partitions
2026-09-28 18:19:52.657 INFO   [#0-retry-2000-0-C-1] o.a.k.c.c.i.ClassicKafkaConsumer - [Consumer clientId=consumer-notification-group-retry-2000-1, groupId=notification-group-retry-2000] Unsubscribed all topics or patterns and assigned partitions
2026-09-28 18:19:52.657 INFO   [#0-retry-4000-0-C-1] o.a.k.c.c.i.ClassicKafkaConsumer - [Consumer clientId=consumer-notification-group-retry-4000-4, groupId=notification-group-retry-4000] Unsubscribed all topics or patterns and assigned partitions
2026-09-28 18:19:52.662 INFO   [#0-0-C-1] o.a.k.c.c.i.ConsumerCoordinator - [Consumer clientId=consumer-notification-group-5, groupId=notification-group] Resetting generation and member id due to: consumer pro-actively leaving the group
2026-09-28 18:19:52.662 INFO   [#0.DLT-0-C-1] o.a.k.c.c.i.ConsumerCoordinator - [Consumer clientId=consumer-notification-group.DLT-3, groupId=notification-group.DLT] Resetting generation and member id due to: consumer pro-actively leaving the group
2026-09-28 18:19:52.662 INFO   [#0-retry-8000-0-C-1] o.a.k.c.c.i.ConsumerCoordinator - [Consumer clientId=consumer-notification-group-retry-8000-2, groupId=notification-group-retry-8000] Resetting generation and member id due to: consumer pro-actively leaving the group
2026-09-28 18:19:52.662 INFO   [#0.DLT-0-C-1] o.a.k.c.c.i.ConsumerCoordinator - [Consumer clientId=consumer-notification-group.DLT-3, groupId=notification-group.DLT] Request joining group due to: consumer pro-actively leaving the group
2026-09-28 18:19:52.662 INFO   [#0-retry-4000-0-C-1] o.a.k.c.c.i.ConsumerCoordinator - [Consumer clientId=consumer-notification-group-retry-4000-4, groupId=notification-group-retry-4000] Resetting generation and member id due to: consumer pro-actively leaving the group
2026-09-28 18:19:52.662 INFO   [#0-0-C-1] o.a.k.c.c.i.ConsumerCoordinator - [Consumer clientId=consumer-notification-group-5, groupId=notification-group] Request joining group due to: consumer pro-actively leaving the group
2026-09-28 18:19:52.662 INFO   [#0-retry-2000-0-C-1] o.a.k.c.c.i.ConsumerCoordinator - [Consumer clientId=consumer-notification-group-retry-2000-1, groupId=notification-group-retry-2000] Resetting generation and member id due to: consumer pro-actively leaving the group
2026-09-28 18:19:52.662 INFO   [#0-retry-8000-0-C-1] o.a.k.c.c.i.ConsumerCoordinator - [Consumer clientId=consumer-notification-group-retry-8000-2, groupId=notification-group-retry-8000] Request joining group due to: consumer pro-actively leaving the group
2026-09-28 18:19:52.662 INFO   [#0-retry-4000-0-C-1] o.a.k.c.c.i.ConsumerCoordinator - [Consumer clientId=consumer-notification-group-retry-4000-4, groupId=notification-group-retry-4000] Request joining group due to: consumer pro-actively leaving the group
2026-09-28 18:19:52.663 INFO   [#0-retry-2000-0-C-1] o.a.k.c.c.i.ConsumerCoordinator - [Consumer clientId=consumer-notification-group-retry-2000-1, groupId=notification-group-retry-2000] Request joining group due to: consumer pro-actively leaving the group
2026-09-28 18:19:53.111 INFO   [#0-0-C-1] o.a.kafka.common.metrics.Metrics - Metrics scheduler closed
2026-09-28 18:19:53.112 INFO   [#0-0-C-1] o.a.kafka.common.metrics.Metrics - Closing reporter org.apache.kafka.common.metrics.JmxReporter
2026-09-28 18:19:53.113 INFO   [#0-0-C-1] o.a.kafka.common.metrics.Metrics - Closing reporter org.apache.kafka.common.telemetry.internals.ClientTelemetryReporter
2026-09-28 18:19:53.113 INFO   [#0-retry-8000-0-C-1] o.a.kafka.common.metrics.Metrics - Metrics scheduler closed
2026-09-28 18:19:53.113 INFO   [#0-retry-2000-0-C-1] o.a.kafka.common.metrics.Metrics - Metrics scheduler closed
2026-09-28 18:19:53.113 INFO   [#0-0-C-1] o.a.kafka.common.metrics.Metrics - Metrics reporters closed
2026-09-28 18:19:53.113 INFO   [#0.DLT-0-C-1] o.a.kafka.common.metrics.Metrics - Metrics scheduler closed
2026-09-28 18:19:53.113 INFO   [#0-retry-2000-0-C-1] o.a.kafka.common.metrics.Metrics - Closing reporter org.apache.kafka.common.metrics.JmxReporter
2026-09-28 18:19:53.113 INFO   [#0-retry-4000-0-C-1] o.a.kafka.common.metrics.Metrics - Metrics scheduler closed
2026-09-28 18:19:53.113 INFO   [#0.DLT-0-C-1] o.a.kafka.common.metrics.Metrics - Closing reporter org.apache.kafka.common.metrics.JmxReporter
2026-09-28 18:19:53.113 INFO   [#0-retry-8000-0-C-1] o.a.kafka.common.metrics.Metrics - Closing reporter org.apache.kafka.common.metrics.JmxReporter
2026-09-28 18:19:53.113 INFO   [#0-retry-4000-0-C-1] o.a.kafka.common.metrics.Metrics - Closing reporter org.apache.kafka.common.metrics.JmxReporter
2026-09-28 18:19:53.113 INFO   [#0-retry-2000-0-C-1] o.a.kafka.common.metrics.Metrics - Closing reporter org.apache.kafka.common.telemetry.internals.ClientTelemetryReporter
2026-09-28 18:19:53.113 INFO   [#0.DLT-0-C-1] o.a.kafka.common.metrics.Metrics - Closing reporter org.apache.kafka.common.telemetry.internals.ClientTelemetryReporter
2026-09-28 18:19:53.113 INFO   [#0-retry-8000-0-C-1] o.a.kafka.common.metrics.Metrics - Closing reporter org.apache.kafka.common.telemetry.internals.ClientTelemetryReporter
2026-09-28 18:19:53.114 INFO   [#0-retry-4000-0-C-1] o.a.kafka.common.metrics.Metrics - Closing reporter org.apache.kafka.common.telemetry.internals.ClientTelemetryReporter
2026-09-28 18:19:53.114 INFO   [#0-retry-8000-0-C-1] o.a.kafka.common.metrics.Metrics - Metrics reporters closed
2026-09-28 18:19:53.114 INFO   [#0-retry-4000-0-C-1] o.a.kafka.common.metrics.Metrics - Metrics reporters closed
2026-09-28 18:19:53.114 INFO   [#0-retry-2000-0-C-1] o.a.kafka.common.metrics.Metrics - Metrics reporters closed
2026-09-28 18:19:53.114 INFO   [#0.DLT-0-C-1] o.a.kafka.common.metrics.Metrics - Metrics reporters closed
2026-09-28 18:19:53.148 INFO   [#0-0-C-1] o.a.kafka.common.utils.AppInfoParser - App info kafka.consumer for consumer-notification-group-5 unregistered
2026-09-28 18:19:53.149 INFO   [#0-0-C-1] o.s.k.l.KafkaMessageListenerContainer - notification-group: Consumer stopped
2026-09-28 18:19:53.149 INFO   [#0-retry-2000-0-C-1] o.a.kafka.common.utils.AppInfoParser - App info kafka.consumer for consumer-notification-group-retry-2000-1 unregistered
2026-09-28 18:19:53.149 INFO   [#0-retry-2000-0-C-1] o.s.k.l.KafkaMessageListenerContainer - notification-group-retry-2000: Consumer stopped
2026-09-28 18:19:53.149 INFO   [#0-retry-4000-0-C-1] o.a.kafka.common.utils.AppInfoParser - App info kafka.consumer for consumer-notification-group-retry-4000-4 unregistered
2026-09-28 18:19:53.149 INFO   [#0-retry-4000-0-C-1] o.s.k.l.KafkaMessageListenerContainer - notification-group-retry-4000: Consumer stopped
2026-09-28 18:19:53.149 INFO   [#0.DLT-0-C-1] o.a.kafka.common.utils.AppInfoParser - App info kafka.consumer for consumer-notification-group.DLT-3 unregistered
2026-09-28 18:19:53.150 INFO   [#0.DLT-0-C-1] o.s.k.l.KafkaMessageListenerContainer - notification-group.DLT: Consumer stopped
2026-09-28 18:19:53.150 INFO   [#0-retry-8000-0-C-1] o.a.kafka.common.utils.AppInfoParser - App info kafka.consumer for consumer-notification-group-retry-8000-2 unregistered
2026-09-28 18:19:53.150 INFO   [#0-retry-8000-0-C-1] o.s.k.l.KafkaMessageListenerContainer - notification-group-retry-8000: Consumer stopped
2026-09-28 18:19:53.154 INFO   [RMI TCP Connection(6)-10.92.45.245] o.s.boot.tomcat.GracefulShutdown - Commencing graceful shutdown. Waiting for active requests to complete
2026-09-28 18:19:53.157 INFO   [tomcat-shutdown] o.a.coyote.http11.Http11NioProtocol - Pausing ProtocolHandler ["http-nio-8082"]
2026-09-28 18:19:53.212 INFO   [tomcat-shutdown] o.s.boot.tomcat.GracefulShutdown - Graceful shutdown complete
2026-09-28 18:19:53.212 INFO   [RMI TCP Connection(6)-10.92.45.245] o.a.coyote.http11.Http11NioProtocol - Stopping ProtocolHandler ["http-nio-8082"]
2026-09-28 18:19:53.215 INFO   [RMI TCP Connection(6)-10.92.45.245] o.s.o.j.LocalContainerEntityManagerFactoryBean - Closing JPA EntityManagerFactory for persistence unit 'default'
2026-09-28 18:19:53.217 INFO   [RMI TCP Connection(6)-10.92.45.245] com.zaxxer.hikari.HikariDataSource - PersonHikariPool - Shutdown initiated...
2026-09-28 18:19:53.222 INFO   [RMI TCP Connection(6)-10.92.45.245] com.zaxxer.hikari.HikariDataSource - PersonHikariPool - Shutdown completed.
